review_id,hotel_id,hotel_name,area,review_rating,rating_group,review_date,review_text_clean,review_word_count,potential_pii_flag,aspect_count,aspect_STAFF_SERVICE,aspect_CLEANLINESS_HYGIENE,aspect_FOOD_BEVERAGE,aspect_ROOM,aspect_BEACH_SEA,aspect_POOL,aspect_FACILITIES_MAINTENANCE,aspect_RESERVATION,aspect_PAYMENT_REFUND,aspect_PRICE_VALUE,aspect_CHECKIN_CHECKOUT,aspect_AIR_CONDITIONING,aspect_NOISE,aspect_FAMILY_CHILDREN,aspect_TRANSPORT_TRANSFER,aspect_MANAGEMENT_COMMUNICATION,aspect_SPA_WELLNESS,aspect_SAFETY_SECURITY
gma_5155d4c5e004ce9b5344d2ac,BOD012,Selectum Collection Bodrum,Akyarlar,2,LOW,2026-08-04,"An itibariyle ailemle otelde tatil yapıyorum. Şu ana kadarki deneyimimizden bahsetmek gerekirse maalesef beklediğimizi bulamadık. Öncelikle otel hayvan dostuymuş, gelince öğrendik. Tur sitesinin uygulamasında alt detaylarda gizlenmiş. …",28,False,2,False,False,True,False,False,False,False,False,False,False,False,False,False,True,False,False,False,False
gma_fac6b1c133a58f50c78bafe0,BOD012,Selectum Collection Bodrum,Akyarlar,4,HIGH,2026-07-26,"Balayı çifti olarak 29 Haziran–3 Temmuz tarihleri arasında konakladık. Genel olarak oteli gelecek yaz da tercih edebileceğimizi düşünüyoruz. Mimarisi çok güzel ve personelin büyük çoğunluğu gerçekten güler yüzlü ve ilgiliydi. ETS Tur tarafından yönlendirilen görevli arkadaş bizimle ilgileneceğini söyledi ancak otele yeni başladığı için birçok konuda bilgi sahibi değildi. İlk gün çok aç olmamıza rağmen bize snack bar olmadığı söylenince akşam yemeğine kadar beklemek zorunda kaldık. Daha sonra aslında farklı seçenekler olduğunu öğrendik. Ayrıca otelle ilgili yaşadığımız sorunlarda otel personeli hakkında olumsuz yorumlar yapması da bize profesyonel gelmedi. Kendisi yalnızca tekne turu ve kulüp gezisi satma odaklı bilgiler vermek istedi tüm tatil boyunca, çıkış gününde ise resepsiyon önünde denk geldik ve sadece uzaktan selamladı. Odalar konusunda maalesef yorumlara katılıyoruz. Temizlik yeterli değildi, odalar otelin genel görünümüne göre eski kalıyor. Mini bar dolumu ve havlu değişimi de düzenli yapılmadı. Balayı kapsamında vaat edilen şampanya ise ancak birkaç gün sonra teslim edildi. Ücretsiz olması önemli değil; önemli olan verilen sözlerin zamanında yerine getirilmesi. İçecek kalitesinde de tutarsızlık hissettik. Buna karşılık Kule Bar’da görev yapan Abuzer Bey çok ilgiliydi ve hazırladığı içecekler gerçekten başarılıydı. Ana barda çalışan kişiler ise ne yazık ki yabancı sever ve Türklere pek ilgili sevecen davranmıyor. Ayrıca animasyon ekibindeki tüm arkadaşlar, özellikle Mert ve Mete Bey, enerjileri ve samimiyetleriyle tatilimizi güzelleştirdi. Açık büfedeki garson arkadaşlar ciddi bir yoğunluğa rağmen çok ilgili ve tatlılardı. Hepsine çok teşekkürler. 7/24 restoran tarafında ise siparişlerin unutulması, açılış saatleri konusunda farklı bilgiler verilmesi ve uzun bekleme süreleri yaşadık. Otelin yetkilisi olduğuna inandığımız bir beyefendinin bi gün restorana gelmesi ile şef garson tüm ilgisini kendisine yöneltti ve siparişimizi unutarak tam tamına 1 saat 20 dk bizi bekletti. Buna karşılık göz göze bile gelmedi, başka arkadaşlar sorunu çözdü. Bize kalırsa müdür bey de müşteri memnuniyetini önceliklendirir. Bu bölümde hizmet kalitesinin geliştirilmesi gerektiğini düşünüyoruz. Balık alakart restoranda şef garson bey enerjisi ilgisi ve sohbetiyle bize çok keyifli bir akşam yaşattı. İşini seven bir diğer insan, iyi ki vardı. Kısacası birileri işini iyi yapmaya çalışırken birileri onları sabote etmeye çalışıyor gibi diyebiliriz. Çıkış sırasında tüm bu konularla ilgili detaylı geri bildirim verdik ve değerlendirmeye alınacağı söylendi. Eksikler giderildiği takdirde otelin çok daha başarılı olacağına inanıyoruz. Güzel mimarisi ve birçok başarılı çalışanı sayesinde yine tercih edilebilecek bir otel.",369,False,7,True,True,True,True,False,False,False,False,False,True,True,False,False,False,False,True,False,False
gma_c6a5d2702015a87ca997cdb3,BOD012,Selectum Collection Bodrum,Akyarlar,5,HIGH,2026-07-26,"🌟 Hayatımın En Kusursuz, En Fantastik Tatiliydi! (Kesinlikle 5 Yıldızdan Fazlası) Selectum Collection Bodrum ailesine, bize hayatımızın en unutulmaz haftasını yaşattıkları için ne kadar teşekkür etsem az. Kendimizi bir otel müşterisi gibi değil, adeta bulutların üzerinde yürüyen, fantastik bir dünyanın ayrıcalıklı konukları gibi hissettik. Ne istediysek, ne rica ettiysek, hatta daha biz düşünürken kendiliğinden önümüze geldi! Çalışanların inanılmaz nezaketi ve ilgisi gerçekten büyüleyiciydi. Ama bazı isimler var ki, bu tatilin mimarları oldular. Onları buraya tek tek yazıp, yönetim da dâhil herkesin görmesini istiyorum: ⭐ ÖZEL PARANTEZ: VOLKAN METE VE ESRA JULİA (Harikasınız!) Animasyon ve Etkinliklerin Kralı; Volkan Mete: Enerjisiyle, yaptığı aşırı eğlenceli etkinliklerle ve muhteşem animasyon yönetimiyle tatilimize inanılmaz bir neşe kattı. Bir an bile sıkılmadık, sayesinde çok keyifli anlar yaşadık. Başarısı, profesyonelliği ve samimiyeti kesinlikle takdire şayan! Misafir İlişkilerinin Kraliçesi; Esra Julia: Kendisi misafir ilişkilerinde tam anlamıyla bir profesyonellik ve çözüm abidesi. Gösterdiği üstün başarı, güler yüz ve samimi ilgi o kadar kıymetliydi ki, otelde her an güvende ve özel hissetmemizi sağladı. Otel Yönetimine Açık Çağrı: Volkan Mete ve Esra Julia gibi profesyoneller bu otelin en büyük şansıdır. Kendilerine ne kadar teşekkür edilse, ne kadar övgü yağdırılsa azdır. Başarıları daim olsun! 🍽️ Bitmek Bilmeyen Gastronomi Şöleni ve Muhteşem Lezzetler Otelin yemekleri tek kelimeyle muhteşemdi! Her şey o kadar bol, o kadar çeşitli ve lezzetliydi ki, tatil boyunca tek derdimiz ""acıkmadan tekrar yemek zorunda kalmak"" oldu. Gözleme evi, snack barlar ve plaj saatindeki ikramlar harikuladeydi. Gurme bir tatil deneyimi yaşadık diyebilirim. Ayrıca tesisin her noktası tertemiz ve pırıl pırıldı. 🏖️ Muhteşem Deniz ve İki Farklı Havuz Keyfi Otelin plajı kelimenin tam anlamıyla harika. Tertemiz, Mavi Bayraklı ve yumuşacık kumlu bir denize sahip. Havuz konseptleri ise çok akıllıca düşünülmüş. İki tane havuz var; bir tanesi çok büyük ve tüm eğlenceli aktiviteler, coşkulu etkinlikler burada dönüyor. Diğer havuz ise tamamen sakinlik ve huzur arayanlar için ayrılmış, kafanızı dinleyebiliyorsunuz. 🏡 Otel Odası Değil, Adeta Kendi Evimiz! Müsaitlik durumuna göre bize çocuklu ailelere verilen odalardan birini uygun görmüşler. İyi ki de öyle olmuş, inanılmaz memnun kaldık! Kaldığımız yer bir otel odasından ziyade bizim evimiz gibiydi. Balkonumuz, ayrı yatak odamız ve ayrı oturma odamızla tam bir 1+1 daire konforundaydı. Geniş, ferah ve çok rahattı. 🤫 Kalabalığın İçinde Huzur ve Kaliteli Kitlesi Otelin misafir profilinin çoğunluğu yabancı turistlerden oluşuyordu ve hepsi o kadar nezaketli, o kadar kaliteli insanlardı ki... Kocaman bir kalabalığın içinde olmamıza rağmen inanılmaz sessiz, sakin ve huzurlu bir tatil yapabildik. Herkes alçak sesle konuşmayı, birbirine saygı duymayı çok iyi biliyordu. Özetle; rüya gibi bir haftaydı. Başta Volkan Mete ve Esra Julia olmak üzere, emeği geçen, yüzündeki tebessümü eksik etmeyen tüm otel çalışanlarına sonsuz teşekkürler. Kesinlikle tekrar geleceğiz, kesinlikle tavsiye ediyoruz!❤️❤️❤️❤️❤️",437,False,10,True,True,True,True,True,True,True,False,False,False,False,False,True,True,False,True,False,False
gma_75612ce05438b6b0ef182a9a,BOD012,Selectum Collection Bodrum,Akyarlar,4,HIGH,2026-08-04,"1)Oda temizlikleri kesinlikle eksik ve zayıftı. Biz 1 hafta kaldık çarşaflarımız hiç değiştirilmedi. Havlu ve sabunları, çöpleri ve yer temizliğini hep kendimiz talep ettik. 2)Arabamız otelin içinde yer olmadığından önündeki sokağa vale tarafından park edildi, ama araç hiç kontrol edilmemiş ki aracımızın lastik sibop contaları çalınmıştı. 3)Şezlong yetersizdi ya da düzensizdi. Sabah erkenden kalkıp özellikle plajda havlu bırakmazsanız gün içinde şezlong kapmaca oynanıyor. Bu da tatili yorucu hale getiriyor. En azından kişi sayısı kadar şezlong güncellenmeli. 4)Yemek saatlerinde ve akşam etkinlik saatlerinde masa bulmakta çok zorlandık, bu kesinlikle iyileştirilmelidir. 5)Otelin içinde bulunan markette çeşit az fiyatlar fahişti, dudağımız uçukladı. 6)Plajda çöp kutuları temizleniyor, ama üstün körü bir şekilde. Peçete ve pipetler denize uçuyor. Plajda taşların arasından kırık kola cam şişesi çıkardık. Birinin bir yeri kesilse otel için büyük skandal olur dikkat edilmeli. Koya yanaşan tekneler pisliğini bırakıyor ve deniz çok kirleniyor. Otel bu konuda yaptırım uygulamalı ki denizi kirlenmesin. Ayrıca bir sürü kuş var, ağaçlara kuş evleri yapılabilir. Zaten hayvan dostu olan bu otel için hoşluk olur.",167,False,5,False,True,True,True,True,False,False,False,False,True,False,False,False,False,False,False,False,False
gma_c589fb3e651f9b0cf2cf65de,BOD012,Selectum Collection Bodrum,Akyarlar,5,HIGH,2026-07-26,"Eşimle kış ayında düğünümüz olduğu için balayına gidememiştik. Bizim için ilk tatil deneyimi oldu. Çalışanlar o kadar güler yüzlü ki her anlamda otelden çok memnun kaldık. Odalar gayet temiz ve yeterli. Yemekler lezzetli , organizasyon harika. Özellikle çalışanlardan CEM ŞEF çok samimi ve güler yüzlü onunla sohbet etmek keyifliydi ve muhteşem ilgili biri. Çalışanlar sürekli tatiliniz nasıl geçiyor, memnun kalmadığınız bir durum var mı diye sordular bu da bence işletme için harika işlerini önemsediklerini belli ediyor. Plaj ve deniz konusuna gelecek olursam bir çok otele gittim ve deniz gördüm ama bu kadar suyu saf, temiz yüzülebilecek deniz görmemiştim balıklarla beraber yüzüyorsunuz abartmıyorum. Muhtemelen merkezden biraz uzak kaldığından ve etrafında otel sayısı az olduğundan sahil çok temiz ve güzel bu konuda içiniz rahat olabilir. Havuzu da gayet büyük çok yeterli. Doğum günüm bu sene tatil zamanına denk geldi , oda servisi ikramında bulundular ve bir İtalyan a la carte hediye ettiler. Bir ekibin bu tür şeylere dikkat edip misafirleriyle ilgilenmeleri başarılı bir organizasyon olduğunu gösterir. Muhtemelen seneye yine buraya rezervasyon yaptırırız her anlamıyla çok memnun kaldık.. Emeği geçen herkese çok teşekkür ederiz 🙏🏻😊",182,False,7,True,True,True,True,True,True,False,True,False,False,False,False,False,False,False,False,False,False
gma_08890225450a272c0fbe8b35,BOD012,Selectum Collection Bodrum,Akyarlar,5,HIGH,2026-07-26,"1 haftalık bir konaklama yapıyorum, halen oteldeyim, herşey kusursuz gidiyor şu ana kadar aksayan hiç birşey görmedim. Kalabalık mı evet kalabalık ama her misafir her yerden faydalanabiliyor bence, animasyon grubu şahane eğlendirmek ve tatilinizin güzel geçmesi için gereken herşeyi yapıyorlar, gündüz havuz etkinlikleri gece dans ve canlı müzik.Yemeklerde ve kahvaltıda yeterince çeşit var canınız ne isterse onu yiyebilirsiniz. 24 saat boyunca hizmet devam ediyor, çalışanlar güleryüzlü yardımsever. Bu kadar büyük bir tesisi yönetmek de ayrı bir meziyet, odalar hergün temizleniyor hiçbiryerde çöp göremezsiniz, çimler ağaçlar bakımları muazzam.Küçük çocuğumuz yok ancak onlar içinde herşeyi düşünmüşler, çocuk parkları, kids club vs. Kötü yorumlara aldırış etmeyin, herşey şahane parasını sonuna kadar hak ediyor.",110,False,7,True,True,True,True,False,True,True,False,False,False,False,False,False,True,False,False,False,False
gma_554563026bd369dc97e5f211,BOD012,Selectum Collection Bodrum,Akyarlar,5,HIGH,2026-07-26,"Hospitality Management sektöründe çalışan biri olarak hizmet kalitesine ve detaylara ister istemez daha dikkatli bakıyorum. Bu açıdan söyleyebilirim ki gerçekten çok etkilendim. Girişte bizi güler yüzlü ve enerjik bir ekip karşıladı. Lobinin atmosferi, kuş sesleri ve sıcak karşılama tatilimize harika bir başlangıç yaptı. Biz söylemeden odamızın upgrade edilmesi çok zarif bir jestti. Özellikle Front Office Manager Emrah Bey’in bizzat karşılaması ve konaklamamız boyunca sürekli bizimle ilgilenip herhangi bir isteğimiz olup olmadığını sorması misafir memnuniyetine verdikleri önemi açıkça gösteriyordu. Havuz başındaki eğlenceler çok keyifli, deniz ise inanılmaz berraktı. Tüm ekibe emekleri ve misafirperverlikleri için teşekkür ederim. Böyle profesyonel hizmeti görmek gerçekten mutluluk verici. Kesinlikle tekrar tercih edeceğim.",106,False,6,True,False,False,True,True,True,False,False,False,False,True,False,True,False,False,False,False,False
gma_44fe37762c98973378010585,BOD012,Selectum Collection Bodrum,Akyarlar,1,LOW,2026-05-27,"Otelin planı ve yeşil alanları çok yerinde. Küçük çocuğumuz ile rahat vakit geçirmek için rezervasyon yaptık Mayıs ayında. Başta güzeldi fakat sonradan otele yüzlerce üniversite öğrencisi grubu geldi. Her yer 6-7 kişilik gruplar halinde dolaşan ve ağza alınmayacak küfürler eden erkek gruplarıyla doldu. Doğrusu ailenizle gittiğiniz bir otelde içki içip sarhoş olan, sürekli küfür eden ve gürültü yapan gruplarla karşılaşmayı hiç istemezsiniz. Ziyaretimizi kısa kesip başka otele geçmek zorunda kaldık. Aman diyeyim, ailenizle huzurlu bir tatil yapmak istiyorsaniz buradan uzak durun. Bizim gibi otelde kalan bir kaç çocuklu aile neye uğradığını şaşırdı. Otelin bir kurumsal politikası yok anladığım kadarıyla. Profile bakmadan parayı veren her grubu alıyorlar. Riske alıp kimseye gitmesini tavsiye etmem, tatiliniz rezil olabilir. Yemeklere gelecek olursak: yemekler yenilebilecek derecenin sınırında. Açılış saatine denk gelirseniz yeni pişmişlerden yiyebilirsiniz. Eger yemek basladiktan 1 saat sonra giderseniz ızgarada pisen etlerin çamur benzeri bir maddeyle kaplanmış gibi olduğunu göreceksiniz. Izgaranın başındaki elemanlar ızgarayı temizlemeleri gerektiğinin farkında değil. Otelin tek 5 yıldiz kısmı personeli. Rn üst seviyeden en alt seviyeye kadar tüm personel son derece saygılı ve kibardı. 5 yıldızlı bir otelden alacağınız hizmeti alıyorsunuz. Özetle: Fiyat olarak bütçeniz buraya yetiyorsa kalabilirsiniz. Yaz sezonunda apaçileri doldurmazlar herhalde. Genelde yabancılar ve aileler olur tahminimce. Sezon dışında ise asla tavsiye etmem.",206,False,7,True,True,True,False,False,False,False,True,False,True,False,False,True,True,False,False,False,False
gma_9892e063b90335b179ffcb1c,BOD012,Selectum Collection Bodrum,Akyarlar,5,HIGH,2026-08-04,Selectum otellerinde 2. Kez konaklama yapıyoruz geçen yıl side comfort Family de konaklama yapmıştık ve oradan da çok memnun ayrıldık. Bu sene de memnuniyetimizden ötürü tekrardan selectum otelini tercih ettik. Otel’in konumu merkezi olması sebebiyle ulaşım konusunda hiç bir sorun yaşamadık. Tüm bölgelere ulaşım maximum 30 dk sürüyor. Otelin yemekleri gayet güzel geldiğiniz de hiç bir şekilde aç kalmanız mümkün değil. Animasyon ekibinden Mert Arkadaşımız tatilimiz boyunca ilgisi ve alakası bizi çok memnun etti. Dart oyunu en keyif aldığımız zamanlardı. Tüm selectum ailesine gönülden teşekkür eder. Bir sonraki senelerde tekrardan görüşmek dileğiyle.,92,False,4,True,False,True,False,False,False,False,False,False,False,False,False,False,True,True,False,False,False
gma_c92cdff1a3ff6ad60e0b8bea,BOD012,Selectum Collection Bodrum,Akyarlar,5,HIGH,2026-07-26,"27 haziran - 3 temmuz arasında eşimle konakladık. Denizi tertemiz, dalgasız. Havuzları da tertemiz. Şezlong problemi de hiç yaşamadık. Yemekleri de hergün çeşit çeşit. Bar kalitesi yüksek. Biz özellikle akşamları etkinliklerinden çok memnun kaldık. Hergün farklı konseptlerde dans ekipleri geldi. Dans showlarından sonra da eğlenceye canlı müzikle devam edildi. Baya eğlendik. :) Etkinlik ekibi müdürü Volkan Bey ve Mert Beye ilgi alakalarından ve düzenledikleri etkinliklerden dolayı teşekkür ederiz. :)",69,False,5,False,True,True,False,True,True,False,False,False,False,False,False,False,False,False,True,False,False
gma_9ab38859801b67a9818de19e,BOD068,Selectum Colours Bodrum,Gümbet,5,HIGH,2026-07-26,"Tatilimiz boyunca her anından büyük keyif kaybı, beklentilerimizin üzerinde bir konaklama deneyimi yaşandı. Otele giriş yaptığımız ilk andan itibaren güler yüzlü, ilgi ve profesyonellik bizi çok mutlu etti. …",29,False,3,True,False,True,False,False,False,False,False,False,False,True,False,False,False,False,False,False,False
gma_6770015657d0452d3aeada64,BOD068,Selectum Colours Bodrum,Gümbet,5,HIGH,2026-08-11,"Selectum Colours Bodrum’da geçirdiğim tatilden genel olarak çok memnun kaldım. Otele girişten itibaren güler yüzlü bir karşılama vardı ve tüm tatil boyunca personelin ilgisi hiç eksik olmadı. Yemekler otelin en güçlü yönlerinden biri. Ana restoranda kahvaltıdan akşam yemeğine kadar oldukça geniş bir çeşitlilik sunuluyor. Et, tavuk, balık, ızgara çeşitleri, salatalar, tatlılar ve dünya mutfağından farklı lezzetler her gün özenle hazırlanıyor. Yemeklerin lezzeti ve sunumu gerçekten başarılıydı. Ana restoran ekibinin ilgisi ve özellikle Fırat Bey’in misafirlere yaklaşımı, düzeni ve profesyonelliği takdire değerdi. Misafir ilişkileri tarafında Melike Hanım’ın ilgisi ayrıca teşekkür edilmeyi hak ediyor. Güler yüzü, çözüm odaklı yaklaşımı ve misafir memnuniyetine verdiği önem sayesinde kendimizi gerçekten değerli hissettik. Her konuda yardımcı olmaya çalışması tatilimizi daha da keyifli hale getirdi. Otelin 7/24 hizmet veren restoranı büyük bir avantaj. Günün hangi saatinde acıkırsanız acıkın kaliteli ve lezzetli yiyeceklere ulaşabiliyorsunuz. Hamburger, pizza, makarna ve diğer atıştırmalıklar hem lezzetli hem de hızlı servis ediliyor. A la carte restoranlar da oldukça başarılıydı. Özellikle İtalyan ve deniz ürünleri restoranlarında hem servis kalitesi hem de yemeklerin lezzeti beklentimizin üzerindeydi. Rezervasyon sistemi düzenli çalışıyor ve çalışanlar misafirlerle yakından ilgileniyor. Denizi tertemiz ve berrak. İskeleler oldukça kullanışlı, havuzlar geniş ve bakımlı. Gün boyunca animasyon ekibi eğlenceli aktiviteler düzenliyor, akşamları ise canlı müzik ve profesyonel gösteriler sayesinde otelde keyifli vakit geçiriliyor. Odaların temizliği düzenli yapılıyor, minibar her gün yenileniyor ve ortak alanlar genel olarak bakımlı. Otelin Bodrum merkeze yakın konumu da büyük bir avantaj. İsteyenler kısa sürede merkeze ulaşabilirken, otelin içinde de tatili dolu dolu geçirmek mümkün.",246,False,10,True,True,True,True,True,True,True,True,False,True,True,False,False,False,False,False,False,False
gma_b248a3d58b53d3c3c38d254b,BOD068,Selectum Colours Bodrum,Gümbet,5,HIGH,2026-07-26,"Tatilimiz boyunca bu otelde geçirdiğimiz her an gerçekten çok keyifliydi. Daha giriş yaptığımız ilk andan itibaren güler yüzle karşılandık ve kendimizi evimizde gibi hissettik. Tesis son derece temiz, düzenli ve bakımlıydı. Odalar ferah, konforlu ve her gün özenle temizleniyordu. Ortak alanların hijyenine gösterilen özen de takdire şayandı. Yemekler oldukça lezzetli ve çeşitliydi. Her öğünde farklı damak zevklerine hitap eden seçenekler bulunuyordu. Tatlılar, taze meyveler ve atıştırmalıklar da çok başarılıydı. Restoran çalışanları her zaman nazik, güler yüzlü ve ilgiliydi. Havuzlar, plaj ve tüm sosyal alanlar oldukça temiz ve düzenliydi. Animasyon ekibi gün boyu eğlenceli etkinlikler düzenleyerek hem çocukların hem de yetişkinlerin güzel vakit geçirmesini sağlıyordu. Ailece rahatlıkla tercih edilebilecek, huzurlu ve kaliteli bir otel. Özellikle Misafir İlişkileri departmanından Sadiye Hanım’a ayrıca teşekkür etmek isteriz. Tatilimiz boyunca her konuda bizimle yakından ilgilendi, tüm sorularımıza sabırla yardımcı oldu ve her zaman güler yüzüyle yanımızdaydı. Misafir memnuniyetini gerçekten önemseyen, işini büyük bir özveriyle yapan değerli bir çalışan. Kendisi sayesinde tatilimiz çok daha özel ve unutulmaz hale geldi. Bu güzel deneyimi yaşamamızı sağlayan tüm otel çalışanlarına teşekkür ediyoruz. Profesyonel hizmet anlayışı, sıcak atmosferi ve kaliteli hizmetiyle kesinlikle tavsiye edeceğimiz bir otel. İlk fırsatta tekrar gelmeyi sabırsızlıkla bekliyoruz. Her şey için sonsuz teşekkürler!",197,False,10,True,True,True,True,True,True,True,False,False,True,True,False,False,True,False,False,False,False
gma_7603353bc4f4c50d328a2d64,BOD068,Selectum Colours Bodrum,Gümbet,4,HIGH,2026-07-26,"Otelde 5 gece konaklama yaptık. Konaklamamız boyunca otelin genel temizliğinden oldukça memnun kaldık. Odalar eski. Deniz güzeldi, sadece yer yer taşlı olması nedeniyle deniz ayakkabısı faydalı olabilir. Havuz ise oldukça temiz ve keyifliydi. Personelin genel yaklaşımı çok güler yüzlü ve yardımseverdi. Sadece 7/24 bölümünde çalışan garsonların ilgisini diğer ekibe göre biraz yetersiz bulduk. Ana restoranın yemekleri ise maalesef beklentimizi karşılamadı. Özellikle et ürünleri hem görüntü hem de lezzet açısından bize kaliteli gelmedi ve çoğunu tercih etmedik. Buna karşın içecek kalitesinden oldukça memnun kaldık. Tatilimizi güzelleştiren en önemli şey ise çalışanların samimiyeti oldu. Her yere yetişen, güler yüzü ve iyi kalbiyle tatilimiz boyunca adeta arkadaşımız olan Ömer Soyak'a ayrıca teşekkür etmek istiyoruz. Bunun yanında Visko'dan Sedat'a, resepsiyondan Ege Bey'e, ayrıca Hasan ve Hüseyin kardeşlere de ilgi ve emekleri için çok teşekkür ederiz. Onlar sayesinde tatilimiz çok daha keyifli geçti.",138,False,6,True,True,True,True,True,True,False,False,False,False,False,False,False,False,False,False,False,False
gma_b307809c0b6a3cf876f3dda7,BOD068,Selectum Colours Bodrum,Gümbet,5,HIGH,2026-06-26,"Selectum Colours Bodrum'da geçirdiğimiz tatil gerçekten unutulmazdı. Daha otele giriş yaptığımız ilk andan itibaren personelin samimi yaklaşımı ve profesyonel hizmet anlayışı sayesinde kendimizi çok özel hissettik. Tesisin temizliği, düzeni ve genel atmosferi son derece başarılıydı. Odalar geniş, modern ve oldukça konforluydu. Her gün özenle temizlenmesi sayesinde tatil boyunca rahat ve huzurlu bir konaklama deneyimi yaşadık. Otelin denize sıfır konumu ve eşsiz manzarası ise ayrı bir güzellik katıyordu. Yemekler oldukça çeşitli ve lezzetliydi. Açık büfede her öğünde farklı seçenekler bulunuyor, özellikle ızgaralar, tatlılar ve yöresel lezzetler büyük beğeni topluyordu. Restoran ve bar çalışanlarının güler yüzlü hizmeti de tatilimizi daha keyifli hale getirdi. Otelin en beğendiğimiz yönlerinden biri ise animasyon ve spor aktiviteleriydi. Gün boyunca düzenlenen su sporları, havuz oyunları, dart, masa tenisi, plaj voleybolu, fitness etkinlikleri ve çeşitli turnuvalar sayesinde hiç sıkılmadık. Animasyon ekibi son derece enerjik, ilgili ve eğlenceliydi. Misafirleri aktivitelere dahil etmekte oldukça başarılıydılar ve herkesin keyifli vakit geçirmesini sağlıyorlardı. Akşam gösterileri, canlı müzik performansları ve eğlence programları da profesyonelce hazırlanmıştı. Havuzları, plajı, spor olanakları, eğlence programları ve kaliteli hizmet anlayışıyla Selectum Colours Bodrum hem dinlenmek hem de aktif bir tatil geçirmek isteyenler için mükemmel bir seçenek. Tatil boyunca gösterdikleri ilgi ve misafirperverlik için tüm çalışanlara teşekkür ederiz. Harika anılarla ayrıldığımız bu güzel otele tekrar gelmek için şimdiden sabırsızlanıyoruz. Bodrum'da kaliteli, eğlenceli ve keyifli bir tatil arayan herkese gönül rahatlığıyla tavsiye ederim.",223,False,8,True,True,True,True,True,True,True,False,False,False,True,False,False,False,False,False,False,False
gma_9342d0032cec1cdfae97682e,BOD068,Selectum Colours Bodrum,Gümbet,2,LOW,2026-08-04,"Otelde 19-25 temmuz arası 7 gün konaklama yaptık. Otel odaları yenilenmiş ancak yataklar çok rahatsız. Odadaki tv eski model küçük bir tv. Kara tarafı odaları birbirine bakıyor. Oda kapısı odanın pencere kısmı oluyor. Otel konumu güzel denizi dalgasız. Ancak otel temmuz dönemi kapasitesinin üzerinde çalışıyor. Boş yer bulmak çok zor. Çok erken saat te havlu ile yer kapmanız gerekiyor aksi halde yer bulmak çok zor. Otel kapasitesinin üzerinde çalıştığı için birşey almak için çok fazla sıra bekleniyor; örneğin gözleme almak için 45 dk beklerseniz anca alabiliyorsunuz veya ana restaurantta herkesin sevdiği bir et varsa uzun kuyruk oluşuyor. Ek olarak yemeklerin lezzeti ve kalitesi düşük,. Otelin barlarında muadil alkollü içecekler var , kahve makineleri granül kahve. Sadece reception barında çekirdek kahve bulabiliyorsunuz. Havuz suyunun steril olduğunu düşünmüyorum ben ve eşim hastalandık solunum yolu enfks teşhisi aldım.Fiyat performans olarak bana göre , fiyatına göre düşük performansta. Otel ile ilgili en çok memnun kaldığım şey otelin personeli. Puanlama olsa 10 yıldız veririm kendilerine. Otelin over kapasitesine rağmen canla başla çalışıyorlar herşeyi halletmeye çalışıyorlar , güler yüzlerini eksik etmiyorlar. Burdan bir kez daha emekçi personele sevgi ve saygılarımı iletiyorum .",186,False,8,True,True,True,True,True,True,True,False,False,True,False,False,False,False,False,False,False,False
gma_7d7d84fe781483b190fcff86,BOD068,Selectum Colours Bodrum,Gümbet,1,LOW,2026-08-04,Selectum Colors Bodrum'un puanına aldanıp gittik. Siz aldanmayın. Otel içinde gezip müşterilere olumlu yorum yaptirmaya çalışan bir ekip var. İkna edebilirse hemen o an yorum arttırıyorlar. Bir çok insanda kıramıyor tabi ki Otel karşılamada çok zayıf. O pozisyonda ki birinin enerjisi ve güler yüzü ön planda olmalı. Nehir Hanımdan bunu göremedik. Son derece ilgisiz ve soğuktu. Sonrasında odamıza geçmek için uzun bir süre bellboy bekledik. Yanlış hatırlamıyorsam adı Murat'tı. 5 karış surat ile geldi tek kelime etmeden odayı gösterdi ve gitti. Oda tanıtımı vs yok. Çıkarken de sanki hasmına bakıyor gibi bakıyor. Farklı psikolojiler cidden. Otelde lobi bar 12 den sonra kapalı. Onun yerine 7/24 restorant gibi bir konsept oluşturmuşlar. Düşünce güzel fakat çoğu zaman yer yok insanlar ayakta bekliyor. Ayrıca burada çalışan garsonların tutumu çok enteresan. Bir çay istiyorsun yarım saat sonra geliyor. Fakat gelen müşteri yabancıysa ilgi alaka sohbet muhabbet hizmet harika. O muameleyi gördükten sonra bir daha uğramadık. Otelde genel olarak personel azlığı ile ilgili bir sıkıntı var. Akşam yemeklerinde içecek servisleri yetişmiyor. Ben ve benim gibi bir çok kişi içeceklerini kendi gidip aldı. Animasyon ekibi zayıf. Bir kaç etkinlik yapıp bırakıyorlar. Sadece animasyon ekibi için gidilecek otellerde kaldım. Burası kesinlikle zayıftı. Odaların ses yalıtımı berbat. Yan ve al odanın konuşmalarını aynen duyuyorduk. Gece 3 de dışarıdan gelen bass seslerini söylemiyorum bile. Yemekhanede çeşit az olsada lezzetliydi. Odalar günlük temizleniyor. Bir gün çakmağımı kaybettim. Saat 12.30-01.00 sularında lobiye gidip çakmak sordum. Personel bana araba varsa tekelden alabilirsin dedi. :) çözüm bu. Ertesi gün sigaram bitti otel marketinde 100 liralık sigarayı 300 TL ye sattılar. Koskoca otel benim 200 TL me tenezzül ediyor. Asla tavsiye etmiyorum.,268,False,5,True,True,True,True,False,False,False,False,False,False,False,False,True,False,False,False,False,False
gma_c6c21d20ecdc0d3d77b3260c,BOD068,Selectum Colours Bodrum,Gümbet,5,HIGH,2026-07-26,"Selectum Colours Bodrum’da geçirdiğimiz tatilden gerçekten çok memnun kaldık. Otelin konumu, atmosferi, denize yakınlığı, genel temizliği ve sunduğu hizmetler tatilimizi çok keyifli hale getirdi. Daha ilk andan itibaren hem çalışanların ilgisi hem de otelin sıcak ortamı bize kendimizi rahat ve özel hissettirdi. Özellikle ailece tatil yapanlar için çok konforlu, düzenli ve huzurlu bir otel olduğunu söyleyebilirim. Otelin genel alanları oldukça temiz ve bakımlıydı. Hem odalarda hem ortak kullanım alanlarında düzen hissediliyordu. Yemek çeşitliliği de gayet güzeldi; her gün farklı seçenekler olması, hem yetişkinler hem çocuklar için uygun alternatifler bulunması çok hoşumuza gitti. Havuz alanları, sahil kısmı ve otelin genel ambiyansı gerçekten dinlenmek ve keyif yapmak için çok uygundu. Gün içinde otelde sıkılmadan vakit geçirilebiliyor, akşamları da çok güzel bir tatil havası oluyor. Ama özellikle ayrıca belirtmek istediğim bir konu var: Misafir ilişkileri ekibinden Sadiye Hanım. Kendisi tatilimiz boyunca bizimle çok ilgili, nazik, güler yüzlü ve çözüm odaklıydı. Her konuda sabırla yardımcı olması, sorularımıza içtenlikle yaklaşması ve bizi gerçekten önemseyerek ilgilenmesi çok kıymetliydi. Sadece görevini yapan biri gibi değil, misafirin memnuniyetini gerçekten önemseyen biri gibi davrandı. Bu da tatil deneyimimizi çok daha güzel hale getirdi. Güler yüzü, profesyonelliği, ilgisi ve samimiyeti için kendisine ayrıca çok teşekkür etmek istiyorum. Böyle çalışanlar bir oteli gerçekten farklı bir seviyeye taşıyor. Genel olarak Selectum Colours Bodrum’dan çok memnun ayrıldık. Hem dinlenmek hem keyifli zaman geçirmek hem de güzel bir tatil anısı biriktirmek isteyenler için gönül rahatlığıyla tavsiye edebileceğim bir otel. Başta misafir ilişkilerinden Sadiye Hanım olmak üzere emeği geçen tüm ekibe teşekkür ederiz. Tekrar gelmek isteyeceğimiz bir tatil oldu.",254,False,8,True,True,True,True,True,True,True,False,False,False,False,False,False,True,False,False,False,False
gma_8ae60425f4ba5427423f9461,BOD068,Selectum Colours Bodrum,Gümbet,4,HIGH,2026-06-26,"Hizmet ve İmkan Çeşitliliği Çok Fazla, Ancak Teknik ve Yapısal Sorunlar Mevcut Otelde konakladığımız süre boyunca hem profesyonel yaklaşımlar hem de ciddi aksaklıklarla karşılaştık. Giriş Deneyimi ve Hizmet: Giriş günü, otel muhasebe sisteminden kaynaklanan bir sorun nedeniyle oldukça tatsız bir başlangıç yaptık. Ödememizi yaptığımızı kredi kartı ekstrelerimizle ispat etmemize rağmen, muhasebe tarafı hatayı bir türlü bulamadığı için 3 saat boyunca lobide bekletildik. Bu süreçte Sultan Hanım sorunu çözmek için çok çaba sarf etti ancak teknik nedenlerle kaynak bulunamadı. En nihayetinde Sultan Hanım’ın müdürü olan Hanımefendi, ekstrelerimizi inceleyip bize güvenerek odaya geçişimiz için onay verdi. Kendilerine bu insani ve çözüm odaklı yaklaşımları için teşekkür ederim. Konaklama ve Oda Kalitesi: Oda kalitesi ve genel konfor açısından otele 10 üzerinden 9 verebilirim; odalar oldukça iyi tasarlanmış. Ancak çok kritik bir sorun var: Ses yalıtımı neredeyse yok. Duvarlar o kadar ince ki yan odada veya koridorda fısıltıyla konuşulanlar bile odanın içindeymiş gibi duyuluyor. Bu durum huzurlu bir konaklamayı engelliyor. Yemekler ve İmkanlar: Otelin imkanları ve hizmet çeşitliliği takdire şayan. 7/24 açık barı ve her an ulaşılabilir yemek imkanı olması büyük bir artı. Ancak bu kadar bol hizmetin yanında yemeklerin kalitesi maalesef vasat/orta seviyede kalmış. Çeşitlilikten ziyade lezzet ve kaliteye daha çok odaklanılması gerektiğini düşünüyorum. Genel Atmosfer: Havuz ve etkinlikler oldukça başarılı ve eğlenceli. Denizi ise taşlık ve biraz bulanık olduğu için orta seviyede diyebilirim. Sonuç: Konumu güzel, personeli (özellikle Sultan Hanım ve Müdürü) ilgili ve imkanları çok geniş bir tesis. Eğer yemek kalitesi artırılır, muhasebe/sistem sorunları giderilir ve oda yalıtımına çözüm bulunursa çok daha iyi bir işletme olabilir",254,False,11,True,False,True,True,True,True,True,False,True,False,True,False,True,False,False,True,True,False
gma_e01437342ce1ea316fe17e0f,BOD068,Selectum Colours Bodrum,Gümbet,3,MIXED,2026-07-26,"Deneyimli bir otelci olarak soylemeliyim ki cok ortalama bir otelin nasil bu kadar yuksek puan aldigini anlamadim. Otelin konumu, denizi, odalara giden yollarin yesillik icinde olmasi cok guzel. Fakat.. Yemekler ve temizlik maalesef cok iyi degildi. Hayatimda gordugum en lakayit animasyon ekibiydi. Elinde sigaralarla havuz basinda musterilerle yuksek kahkalar, ellerinde icecekleri ile disiplinden cok uzaktalar maalesef. Kids club sacma gosteri ve danslardan ibaret stajyerlere ogrettikleri ayni figurleri hergun tekrar edip duruyorlar. Otele gelen dansci ekipler cok iyidi, otelin en iyi calisanlari resepsiyon ve belboylardi. Cok saygili ve isini duzgun yapan bir front office ekibi. Garsonlarda ellerinden geldigince iyi hizmet vermeye calisiyorlar haklarini vermek isterim. Mutfagin pastaci bolumu kesinlikle gelistirilmeli, tatlilar cok vasat maalesef. Temizlik ve hijyen konusunda cektigim fotograflari paylasalarak oteli kotulemek istemem, otel yoneticileri kendilerini gelistirmek adina irtibata gecerlerse kendilerine iletirim. Maalesef bir daha asla gelmeyecegim bir otel, herkese iyi tatiller.",142,False,6,True,True,True,True,True,True,False,False,False,False,False,False,False,False,False,False,False,False
gma_58986899581de834d7788cda,BOD103,Green Bay Resort & Spa Bodrum,Güvercinlik,1,LOW,2026-07-28,"17 Temmuz tarihinde ailemle birlikte bu otelde konakladık. Maalesef daha ilk dakikalardan itibaren yaşadığımız deneyimler nedeniyle tatilimiz beklentimizin oldukça altında kaldı. Otele giriş yaptıktan sonra odamızın 15-20 dakika içinde hazır olacağı söylenerek restorana yönlendirildik. Ancak restoranda karşılaştığımız manzara hiç hoş değildi. Birçok masada kirli tabak ve bardaklar duruyordu. İçeceklerimiz geldiğinde bardaklardan biri yıkanmamıştı, çorba kaselerinde kalıntılar vardı ve salatanın içinde toprak ile yabancı maddeler gördük. Durumu mutfak şefine ilettim, ilk kez yaşandığını söyledi ancak ilk günden hijyen konusunda güvenimiz sarsıldı. Yaşananlardan sonra tatili iptal etmeyi düşündük. Ancak o dönem bölgede otel bulmak çok zordu ve bulabildiklerimiz yaklaşık 80-100 bin TL daha pahalıydı. Bu nedenle konaklamaya devam etmek zorunda kaldık. Odamız temizdi ve bu konuda bir sorun yaşamadık. Fakat bize “sessiz oda” denilmesine rağmen çocuk aquaparkının hemen yanında konakladık. Her akşam yaklaşık 21.00’de başlayan müzik 23.00-23.30’a kadar sürdü ve odanın içinde hissedilecek kadar yüksekti. Yemek çeşitliliği ve kalitesi de beklentimizin altındaydı. Dört akşam boyunca ızgara bölümünde neredeyse aynı menü vardı. Saat 20.30 civarında tatlılar bitiyor, neden yenilenmediğini sorduğumuzda ise “Bu saatten sonra gelen olmaz.” cevabını alıyorduk. Açık büfe bölümünde sinekler dolaşıyordu. Ayrıca bazı personelin servis sırasında kaşık veya maşa yerine eliyle yiyeceklere temas ettiğini gördüm. Uyardığımda bunun doğru olmadığını kabul etmelerine rağmen uygulama devam etti. Bu durum beni en çok rahatsız eden konulardan biri oldu. Barda şişe soda istediğinizde “yok” deniliyor ancak bazı misafirlere veya görevlilere verildiğini görüyorsunuz. Bu da hizmet standardı açısından hoş bir izlenim bırakmadı. Olumlu yönleri de söylemek isterim. Otelin koy içinde, ormanla iç içe konumu gerçekten çok güzel. Odamız her gün düzenli şekilde temizlendi. En büyük teşekkürü ise otelde canla başla çalışan genç personele etmek isterim. Sabah akşam aynı arkadaşları gördük; yoğun tempoya rağmen güler yüzlerini korumaya çalışıyorlardı. Yaşanan aksaklıkların sorumluluğunu onlara yüklemek doğru olmaz. Açıkçası ETS Tur’daki 8,6 puanı görünce şaşırdım. Bu tamamen benim kişisel deneyimimdir ancak yaşadıklarımız doğrultusunda otelin 7,0-7,2 seviyesinde bir puanı daha gerçekçi yansıtacağını düşünüyorum. ETS Tur’un da bu tür tesislerde düzenli ve bağımsız kalite denetimleri yapmasının faydalı olacağı kanaatindeyim. Sonuç olarak bu tesisi tekrar tercih etmem. Benzer bir tatilde imkânım varsa biraz daha fazla ödeyip farklı bir oteli seçerim. Çünkü tatilde en önemli beklentim hijyen, hizmet kalitesi ve misafire verilen değerdir. Maalesef bu konularda beklentilerimizi karşılayamadı.",364,False,11,True,True,True,True,True,False,True,True,False,True,True,False,True,True,False,False,False,False
gma_2acf86cf8f60372726a91889,BOD103,Green Bay Resort & Spa Bodrum,Güvercinlik,1,LOW,2026-07-26,"BU OTELDE CİDDİ HİJYEN PROBLEMLERİ VAR VE LÜTFEN BURAYA GİDECEKLER DİKKAT ETSİN. ASLA TAVSİYE ETMİYORUM.|Öncelikle otelde çok ciddi problemler var. Hijyen en başta geliyor her taraf ama her taraf kara sinek, sivrisinek. …",33,False,1,False,True,False,False,False,False,False,False,False,False,False,False,False,False,False,False,False,False
gma_fad1238497d600f8357f1d69,BOD103,Green Bay Resort & Spa Bodrum,Güvercinlik,5,HIGH,2026-07-26,"Haziran ayı sonunda bir konaklama gerçekleştirdik, odamıza giriş saatinden daha erken giriş yaptık bu güzel bir durumdu hotelden genel anlamda epey memnun kaldım fiyat performans diyebilirim. 1- Hotelin denizi muazzam dalgasız ve su durgun ayrıca epey berraktı, plajda şezlong ve şemsiyeleri rahatça yer bulabilirsiniz. 2- Hotelin özel bir koy içerisinde yer alması sessiz sakin ve huzurlu bir ortam oluşturuyor. Peyzajı göze hoş geliyor etraf temizdi. 3- Alkol konusunda cin ve votka için Gilbey’s markasını kullandıklarını gördüm viski için J&B ve Johnnie Walker Red Label mevcuttu bira olarak fıçı bira servis ediliyordu gayet yeterliydi. Kokteyl menüsü yapmalarını gayet olumlu buldum seçenekleri mevcuttu. 4- Yemek konusunda ızgara bölümünde genellikle öğle ve akşam yemeklerinde dana köfte ve balık sabitti ayrıca yanına tavuk veya hindi çıkarılıyordu bir gün ise dana ciğer sunumu yapılmıştı. Mezeleri çeşitli ve lezzetliydi. Meyve seçenekleri farklı farklıydı. Tatlı bölümüne epey özeniliyordu baklava çeşitleri ve diğer farklı tatlılar bolca sunuluyordu. Dondurmaları gayet iyiydi. Snack restoranı A’La Carte hizmet veriyordu biz pizza, fettucini alfredo ve tavuk wrap söylemiştik gayet lezzetli geldi. 5- Odaları gayet yeterliydi mini buz dolabı güzel soğutuyordu yatak rahattı genel oda ambiyansı yeni bir tasarım olmadığı belliydi fakat oda temizliği her gün kapıya hizmete geldi biz memnun kaldık. 6- Hotelin öğlen animasyonları vardı ayrıca plajın bir bölümünde müzik çalıyordu akşam vakti de çeşitli animasyonlar mevcuttu. 7- Genel çalışan tavırları gayet iyiydi kibar konuşuyorlar. Yiyecek ve içecek alırken sıra beklemiyorsunuz. Ayrıca hotelde plaja yakın iki adet büyük bar olması epey iyiydi. Oturma alanları gayet yeterliydi her zaman boş masa bulunuyordu. Son değerlendirme olarak kesinlikle tekrar gelebileceğim bir işletme özenli ve titiz bir yer, verdiğim ücretin karşılığını aldığım için ayrıca Green Bay Resort Hotel’e teşekkür ederim.",275,False,8,True,True,True,True,True,False,False,False,False,True,True,False,True,False,False,False,False,False
gma_557acffbc31d84abe370ded4,BOD103,Green Bay Resort & Spa Bodrum,Güvercinlik,5,HIGH,2025-08-25,"Her shey chok guzeldi,bir tek odada karincalarin olmasi rahatsiz etdi,bir de alakart restoranlari kullanamdik,onunla ilgilenen bayan hich yerinde tutamadik,sicak havada cocukla da bizim binadan ana binaya gunde 3-4 kes gidemezdjm yerinde …",32,False,2,False,False,True,True,False,False,False,False,False,False,False,False,False,False,False,False,False,False
gma_c4821aa7553d61643056adea,BOD103,Green Bay Resort & Spa Bodrum,Güvercinlik,2,LOW,2026-08-04,"Otelde geçirdiğimiz tatil maalesef beklentilerimizi tam olarak karşılamadı. En büyük sorunlardan biri restoran bölümündeydi. Sabah, öğle ve akşam yemeklerinde neredeyse her gün aynı menüler sunuluyordu. Birçok otelde farklı günlerde İtalyan, Meksika veya yöresel mutfaklar gibi tematik akşamlar düzenlenirken burada hiçbir çeşitlilik yoktu. Farklı lezzetler denemek isteyenler için hayal kırıklığı yaratabilir. Restorandaki hijyen de yeterli değildi. Tabaklar sık sık kirli şekilde servis ediliyordu. Muhtemelen bulaşık makinesinden çıktıktan sonra kontrol edilmeden kullanıma sunuluyor. Bu durum hijyen açısından oldukça rahatsız ediciydi. Deniz, koy olarak güzel bir konumda olsa da tabanı kumlu olduğu için en ufak harekette kum kalkıyor ve su bulanıklaşıyor. Ayrıca deniz kısa mesafede hızla derinleşiyor. Bu nedenle berrak deniz sevenler ve küçük çocuklu aileler için çok uygun olmayabilir. Mini Club ve çocuk animasyonları oldukça yetersizdi. Görevlilerin çocuklara karşı yaklaşımını sıcak ve ilgili bulmadık. Programda belirtilen etkinlikler çoğu zaman saatinde başlamıyordu. Örneğin 11.30’da başlaması gereken bir etkinlik için alana gittiğimizde görevli bulunmuyordu; daha sonra geliyordu. Bu nedenle çocuklar için planlanan aktiviteler düzenli şekilde gerçekleştirilmiyordu. Genel olarak otelde aktivite seçenekleri de oldukça sınırlıydı. Spor etkinlikleri ve animasyon programları hem azdı hem de beş yıldızlı bir otelden beklenen kalite ve organizasyon düzeyinde değildi. Aquaparkın da gün boyunca sürekli açık olmaması bizim için dezavantajdı. Sadece 10.00–12.00 ile 14.00–16.00 saatleri arasında hizmet veriyor, diğer saatlerde kapalı oluyor. Ayrıca boy sınırı nedeniyle çocuğumuz ilk etapta aquaparkı kullanamıyordu. Ancak bu konuda Misafir İlişkileri’nden Pırıl Hanım bizimle yakından ilgilendi, çözüm odaklı davrandı ve kullanım konusunda yardımcı oldu. Kendisine özellikle teşekkür etmek isteriz. Tatilimiz boyunca memnun kaldığımız olumlu noktalardan biri buydu. Odalardaki yataklar oldukça rahatsızdı ve konfor açısından beklentimizi karşılamadı. Personel konusunda da,. Cankurtaranlar ve bazı servis personelleri yeterince profesyonel değildi. Özellikle bazı garsonların misafirlere hitap şekli kaba ve özensizdi. Örneğin “Bardağı uzatın, doldurayım.” gibi ifadeler kullanmaları beş yıldızlı bir otelde beklediğimiz hizmet anlayışıyla örtüşmüyordu. Genel olarak otel, beş yıldızlı bir tesisten beklediğimiz hizmet kalitesini sunamadı. Yemek çeşitliliği, hijyen, çocuk aktiviteleri, animasyon ekibi, personel yaklaşımı ve organizasyon açısından ciddi iyileştirmelere ihtiyaç olduğunu düşünüyorum. Buna karşın, Misafir İlişkileri’nden Pırıl Hanım’ın çözüm odaklı yaklaşımı ve ilgisi olumlu bir izlenim bıraktı.",338,False,7,True,True,True,True,True,False,True,False,False,False,False,False,False,True,False,False,False,False
gma_ad03fec34343f640db4e345e,BOD103,Green Bay Resort & Spa Bodrum,Güvercinlik,1,LOW,2026-07-26,"Merhaba, otelin tek iyi yani denizi ve plajı diger her sey vasat hatta sinir bozucu sekilde kötü. Odada mobilyaların üstü yapış yapış, 4 kisi 7 gece konakladıgımız odada sadece 1 kanat dolap vardı esyalarımızı yerlestiremedik, bavuldan cıkarıp giyinmek zorunda kaldık. Odadaki tv de sadece 1 cocuk kanalı var. Otel koridoru halı kaplı üstü envai cesit leke dolu ve berbat pis gözüküyor. Bir aksam sular kesildi bir kac kez elektrikler gitti geldi. Yemekler fena degil bir sekilde doyuluyor, fakat otel kapasitesine göre masa sayısı az yemek zamanında masa bulmak icim elinizde tabak dolasıyorsunuz. Çalısanlar gözle görülür sekilde suratsız ve mutsuz. Bir tek Buse hanım yüzünde güllerle karsıladı bizi, kendisine tesekkür ediyorum. 2 havuz var birine cocukları sokmuyorlar bebekler icin ayrı bir havuzlari da yok 1 haftada 2 kez cocuk havuzu kapandı. Kaydıraga 120 cm altı izin verilmiyormus. Sırf kaydıragı var diye tercih ettigimiz otelde cocukları kaydırak kısmına sokamıyorduk. Bu kadar güvenlik önlemi almaya kalkan isletme, kaydıragın tepesinde calısan tutmuyor, herkes kafasına göre kayıyor. Özetle otelin kafası karısık cocuk dostu olsam mı olmasam mı karar verememis.İlk defa bir tatilimde az gün kaldı diye üzülmek yerine daha kac gün kaldı diye saydım. Çok memnuniyetsiz ve mutsuz ayrılıyoruz.",194,False,7,False,True,True,True,True,True,False,False,False,False,False,False,False,True,False,False,False,True
gma_960133f3fe802be1a11f182b,BOD103,Green Bay Resort & Spa Bodrum,Güvercinlik,4,HIGH,2026-06-26,"14-17 Haziran olmak üzere toplam 3 gece 4 gün bu otelde konakladık. Çıkacağımız gün uçak biletimiz akşam 19.30 olduğu için check out işleminden sonra saat 17.00 a kadar tesisin tüm imkanlarından sorunsuz bi şekilde faydalandık. Odalar çok yepyeni değil ama gayet yeterli ve ferah. Personel ilgili ve güleryüzlü. Snack bar kusursuz değil ama yeterli. Plaj temiz ve yer şezlong bulma sıkıntısı yok. Deniz temiz ama hafif bulanık fakat biraz çabuk derinleşiyor. Plaj, adult havuz, aqua havuz restoran, 4-8 bar, Lobi gibi yerlerde sürekli alkol, tatlı ve yemek servisi var. Genel olarak çok güzel ve yeterli bi tesis. Kahvaltı çok çeşitli ve güzel. Ancak her şeyi bu kadar güzel olan otelin akşam yemeği nasıl bu kadar kötü olabilir hayret içindeyim. Yani bi akşam bile güzel bir yemek yiyemedik. Çeşit konusunda yetersiz diyemem bence çeşitli seçenekler var ancak her şey inanılmaz lezzetsiz. Dümdüz pilav makarna bile tatsız. Otelden ayrılmadan bi akşam önce sadece risksiz karnımızı doyuracak şeyler aldık aç kalmamak için ama çorba mantı köri soslu tavuk gibi mahalle arası esnaf lokantalarında bile iyisini bulduğunuz yemekler dahi yenmeyecek kadar tatsız. Bunun dışında her şeyiyle çok memnun kaldığımız ve iyi hissettiğimiz bi tatil oldu. Umarım restoran kısmına çare bulunup tesise yakışan bi seviyeye geldiği günlerde tekrar buluşuruz 🙏🏻",205,False,8,True,True,True,True,True,True,True,False,False,False,True,False,False,False,False,False,False,False
gma_26e24e80dd0511d7f8d6db00,BOD103,Green Bay Resort & Spa Bodrum,Güvercinlik,2,LOW,2026-08-11,Uhd veya tam pansiyon konsept gittiğim oteller içinde en kötüsü diyebilirim. Konumu bulunduğu koy ve çevresinde başka tesis bulunmaması sebebiyle çok iyi. Ancak otel yapısı ve hizmeti çok kötü. Odalar 90'lardan kalmış gibi. Mobilyalar o kadar eski ki boyamışlar ama onda da yanlış boya seçmişler. Üzerine koyduğunuz şeyler yapışıyor. Yataklar eski. Binanın asansörü tabut gibi. Koridorlarda zemin halısında birçok yerde lekeler gördüm. Yemek çeşitliliği yapmaya çalışmışlar ama kullanılan malzemeler ve pişirme o kadar kötü ki hiç tat almıyorsunuz. Uhd konsept bir otelde ilk kez bir yemek bitince yenisinin koyulmadığını gördüm. Yetişemezseniz kalmıyor. Alkollü İçecekler en ucuz markalardan seçilmiş. Sipariş vermek için sıra bekliyorsunuz . Alınca da bunun için mi bekledim dersiniz. Sosyal aktivitelerden haberiniz olmuyor. Bir pano var. Oradan takip etmeniz lazım. Çalışan sayısı az olduğu için personel telef olmuş. Yorgunlukları yüzlerinden belli okuyor. Patlamış mısır ve pamuk şeker var ama parayla:) otelde kim yanında parayla gezer. 2 havuz var çok küçükler. Denize yakın olanı adult pool yapmışlar. Uzak olan herkese açık. Aquapark var ama havuz derinliği çok az. Kaydığınızda ayağınız yere çarpıyor. Otelin sağlam bir yenilenmeye ihtiyacı var. Bu haliyle mdeyeceğiniz paraya değmeyecek bir hixmet alıyorsunuz.,187,False,7,True,False,True,True,True,True,True,False,False,True,False,False,False,False,False,False,False,False
gma_19fd761e9d24f19b841a76c9,BOD103,Green Bay Resort & Spa Bodrum,Güvercinlik,5,HIGH,2026-08-04,"Etrafı yemyeşil dağlarla çevirili bir koyda, muhteşem bir konumda olan otelde, toplamda 3 çocuklu 2 aile olarak konaklıyoruz. Sabahları kuş sesleri ile uyanıp, gün boyu Ağustos böceği sesleriyle yüzüyoruz. Kumsal şahane, restoranın denize yakın olması muhteşem, sahil ve havuz kenarındaki tuvaletler her daim temiz. Ortalıkta bir kişiyi sürekli elinde paspasla yerlerdeki kumları, döküntüleri temizlerken görüyoruz. Küçük ve büyük çocuklar için iki ayrı kaydıraklı havuz var. Oyun parkı eğlenceli. Çocuklar hiç sıkılmadan zaman geçiriyorlar. Yeşil alanlar insana ferah hissettiriyor. Bir çok gölgelikli çardak mevcut. Hamakların olduğu bölüm çok huzurlu. Yemek çeşitliliği ve lezzetinden biz çok memnun kaldık. Yaprak sarması, lahana sarması, çeşit çeşit et ve sebze yemekleri çok güzel. Tatlı reyonu özellikle çok başarılı. Tek eksiği spor salonundaki aletlerin çok eski ve bakımsız olması. Bir de animasyon ekibinin gün içinde Yetişkin havuzunda konumlandıklarını düşünüyoruz, biz çocuklu aileler olarak göremedik gündüz etkinliklerini. Akşam animasyon gösterileri 10/10 puan alır! Çok kaliteli gösterilerdi! Herkese bu oteli tavsiye ederim.",154,False,10,True,True,True,True,True,True,True,False,False,False,False,False,True,True,False,False,True,False
gma_0eba28ad84354f9ce9a2f77a,BOD103,Green Bay Resort & Spa Bodrum,Güvercinlik,3,MIXED,2026-08-11,"4 gece 5 günlük konaklamamız boyunca personelin güler yüzü gerçekten içimizi ısıttı. Özellikle İbrahim Bey ve Deniz Hanım’ın ilgisi takdir edilesiydi. Plaj alanında yer bulma sorunu yaşamadık, bu da tatilimizi rahat geçirmemizi sağladı. Ancak denizin bulanık olması beklentimizin biraz altında kaldı. Yemekler genel olarak ortalamaydı; aç kalmadık ama menüde sık tekrar olması çeşitlilik açısından zayıf kaldı. Temizlik konusunda ise havlular ve çarşaflar düzenli değiştirildi fakat genel temizlik daha özenli olabilirdi. Genel olarak sıcak bir personel yaklaşımı sayesinde güzel anılarla ayrıldık; ancak yemek çeşitliliği ve genel temizlik konularında iyileştirme yapılırsa çok daha güçlü bir deneyim sunulabilir.",95,False,4,True,True,True,False,True,False,False,False,False,False,False,False,False,False,False,False,False,False
gma_8a9816a38052604abd0945dc,BOD106,La Blanche Island Bodrum,Güvercinlik,2,LOW,2026-07-28,"Hala otelde olan biri olarak anlık paylasıyorum…|Birçok otele gitmiş biri olarak söyleyebilirim ki; reklamlarıyla alakası yok|Otel temiz, odalar güzel, çalısanlar çok güler yüzlü ve ilgili.. …",26,False,3,True,True,False,True,False,False,False,False,False,False,False,False,False,False,False,False,False,False
gma_be3fea34a1e9d9ab54ae17f3,BOD106,La Blanche Island Bodrum,Güvercinlik,4,HIGH,2026-07-26,"La Blanche Resort’ta konaklama deneyimimiz genel olarak beklentilerimizi tam karşılamadı. Özellikle odaların artık ciddi anlamda yenilenmeye ihtiyacı olduğunu düşünüyorum. Mobilyalar ve genel dekorasyon oldukça eski bir izlenim veriyor. Banyoda ise duş alanı hem eski hem de kullanım açısından konforlu değildi. Bu seviyede bir otelden daha modern ve bakımlı odalar beklerdik. Buna karşın otelin en büyük artısı kesinlikle Sunrise Snack Restoranı oldu. Burada görev yapan ekip son derece güler yüzlü, ilgili ve misafir odaklıydı. Siparişlerimiz çok kısa sürede hazırlandı ve her seferinde aynı kaliteli hizmeti aldık. Yemeklerin lezzeti gerçekten beklentimizin üzerindeydi; taze, özenli hazırlanmış ve oldukça başarılıydı. Gün içinde en keyif aldığımız nokta burası oldu. Özetle, otelin oda ve banyo kısmında kapsamlı bir renovasyona ihtiyaç olduğunu düşünüyorum. Ancak Sunrise Snack ekibinin profesyonelliği, samimiyeti ve mutfağın kalitesi tatilimizi olumlu yönde etkileyen en önemli unsur oldu. Başta Sunrise Snack Özgür bey ve ekibi olmak üzere emeği geçen herkese teşekkür ederim. Umarım odalar da en kısa zamanda yenilenir; çünkü bu hizmet kalitesini çok daha iyi yansıtacak bir konaklama alanını hak ediyor.",167,False,4,True,False,True,True,False,False,True,False,False,False,False,False,False,False,False,False,False,False
gma_c4323063014365108090ea8b,BOD106,La Blanche Island Bodrum,Güvercinlik,4,HIGH,2026-07-26,"Merhaba Otel konumu itibariyle havuz ve denizin keyfini alabileceğiniz tüm dinamikleri sizlere yaşatıyor sorun yaşamazsınız. Heryerinde muhteşem manzarası var. Yemek çeşitleri ve kahvaltı seçenekleri standart nitelikte. Bazı ürünler kötü değil ama lezzetli de değil. Pastahane ürünleri yeterli değil. Dondurma standları ve çeşitleri fazlalaştırılmalı. Alkollü ve alkolsüz içki seçenekleri çok az. Kutu ayran haricinde kutu içecek göremedik. Alkollü içkiler kısmı yetersiz. Cin “cork” veriyorlar çeşit istediğinizde diğer barlarda var diye söyleniyor ama loby bara gittiğinizde orada da “gilbeys” veriyorlar. Markaları fazlalaştırmalılar. Bunlar bana göre olumsuz olmasından ziyade geliştirilebilir kısımları , bu yüzden bir problem olarak görmeyin. Otelde çalışan tüm personeller o kadar güleryüzlü ve herkese destek olmaya çalışıyorki bunu yaşamanızı isterim. Herkes elinden gelenin en iyisini yapmaya çalışıyor bunu her alanında görebilirsiniz. O yüzden biraz önce yazdığım eksikleri , bu personeller yaklaşımları ile fazlası ile kapatıyor. Gezinomiden tatilimizi aldık ama memnun kalmadık. Kesinlikle Gezinomiden tatil almanızı önermiyorum. Diğer tatilimizi iptal ettik. Bu tatilimizi ise günü geldiği için gelmek zorunda kaldık. Gezinominin tarafımıza yaşattığı sıkıntıyı , kendisini ilgilendirmemesine rağmen dert bilip üstlenip tarafımıza destek olan Otelin Resepsiyon bölümünde Emircan beye çok çok teşekkür ederiz. Kendisi sayesinde keyifli tatil yapmaya devam ediyoruz. Müşteri ilişkileri kısmından Eda hanıma , bize olan yaklaşımı , otel gelişimine verdiği efor ve destek için ayrıca teşekkür ederim. Ne sorununuz olursa olsun Resepsiyondan Emircan bey ve müşteri ilişkilerinden Eda hanıma mutlaka ulaşın , sorununuzu çözmekle beraber mutlulukla devam edeceğinizden eminim , kendi fikrim ama yanılmayacağımı düşünüyorum. Okuyan herkese keyifli tatiller.",241,False,6,True,False,True,True,True,True,False,True,False,False,False,False,False,False,False,False,False,False
gma_15de7a041fca6887f3eba73a,BOD106,La Blanche Island Bodrum,Güvercinlik,5,HIGH,2026-06-26,"Otele ilk giriş yaptığımız andan itibaren çok doğru bir tercih yaptığımızı ve güzel bir otel tuttuğumuzu hissettik. Karşılama, tesisin genel görünümü ve çalışanların yaklaşımı daha ilk dakikalardan itibaren bizde oldukça olumlu bir izlenim bıraktı. La Blanche Island Bodrum’da geçirdiğimiz tatilden genel olarak çok memnun kaldık. Otelin konumu, manzarası ve özellikle plajları gerçekten harikaydı. Denizin temizliği ve berraklığı sayesinde keyifli bir tatil geçirdik. Plaj alanlarının bakımlı ve düzenli olması büyük bir artıydı. Ayrıca plaja erişimin yürüyen merdiven ve shuttle hizmetleriyle sağlanması oldukça konforlu ve pratiktı. Bu sayede plaja ulaşım konusunda hiçbir zorluk yaşamadık. Personelin ilgisi ve güler yüzü tatilimizin en güzel yanlarından biriydi. Tüm çalışanlar son derece yardımsever, nazik ve profesyoneldi. Misafir memnuniyetine verdikleri önem her an hissediliyordu. Özellikle İshak Bey’e ayrıca teşekkür etmek isteriz. Tatilimiz boyunca bizimle yakından ilgilendi, her konuda yardımcı oldu ve kendimizi özel hissetmemizi sağladı. Güler yüzü, samimiyeti ve profesyonel yaklaşımı sayesinde tatil deneyimimiz çok daha keyifli geçti. Özellikle alakart restoranlardaki deneyimimiz beklentilerimizin üzerindeydi. Yemeklerin lezzeti, sunumu ve kalitesi gerçekten çok başarılıydı. Restoran personelinin ilgisi ve misafirperverliği bizi adeta mest etti. Aynı şekilde otelde bulunan 3 snack restoranın da yemek kalitesi oldukça yüksekti. Gün içerisinde sundukları lezzetli ve kaliteli seçenekler sayesinde keyifli vakit geçirdik. Sıcak ve soğuk içeceklerin kalitesi, lezzeti ve çeşitliliği de son derece başarılıydı. Günün her saatinde farklı damak zevklerine hitap eden birçok seçenek bulunuyordu. Bu konuda otelin beklentilerimizin üzerinde bir hizmet sunduğunu söyleyebiliriz. Odalar temiz ve konforlu, ortak kullanım alanları ise bakımlı ve düzenliydi. Ancak Pina 24 restoranındaki yemeklerin kalite, lezzet ve çeşitlilik açısından otelin genel standardının gerisinde kaldığını düşünüyoruz. Özellikle diğer restoranlardaki yüksek kalite göz önüne alındığında bu bölümde yapılacak iyileştirmeler otelin genel misafir deneyimini daha da yukarı taşıyacaktır. Genel olarak La Blanche Island Bodrum; muhteşem plajları, kaliteli restoranları, zengin içecek seçenekleri, kolay plaj erişimi ve güler yüzlü personeliyle unutulmaz bir tatil deneyimi sundu. Pina 24 restoranındaki yemek kalitesinin geliştirilmesi halinde hiç tereddüt etmeden tekrar tercih edeceğimiz bir otel olacaktır. Emeği geçen tüm çalışanlara ve özellikle İshak Bey’e teşekkür ederizf",327,False,8,True,True,True,True,True,False,True,False,False,False,True,False,False,False,True,False,False,False
gma_e533883f6b897c57f3bfca66,BOD106,La Blanche Island Bodrum,Güvercinlik,3,MIXED,2026-08-04,"Manzarası çok güzel fakat denize girmek istediğiniz zaman işler değişiyor. Deniz çok taşlık kum yok denecek kadar az, var olan kumlar da bakımsızlıktan taşlaşmış. Otelin konumu adanın üzerindeki en yüksek bölgede bulunuyor, plaja giderken ve dönerken sürekli yokuş çıkmanız gerekiyor ayrıca her yer birbirine uzak mesafede ve buna rağmen otelde shuutle bulmak oldukça zor, ana giriş kapısında birkaç tane shuutle bekliyor fakat kullanan kişiyi bulmak yürümekten uzun sürüyor. Ayrıca oda hizmetleri de çok yetersiz siz istemediğiniz sürece dil fırçası diş macunu gibi imkânlar sağlanmıyor, resepsiyondan havlu isteseniz bile saatlerce getirmedikleri oluyor ve siz uyarmadığınız taktirde çarşaf değişimi sürekli aksatılıyor. Deniz konusuna dönecek olursak plajın son kısımlarındaki denizden bazen lağım kokusu geliyor ve su aşırı bulanık asla dibini göremiyorsunuz, bu durumdan muzdarip olarak plajın daha ileri kısımlarına gittiğinizde ise sizi dalgalar selamlıyor, yüzerken su yutmamak neredeyse imkânsız bir durum. Bunun beraberinde otelde eğlence etkinlikleri ayarlayan bir animasyon ekibi bulunmadığını düşünüyorum etkinlikler hakkında bilgi edinmek çok zor. Fakat tüm bunlara rağmen garsonlar ve diğer görevliler oldukça güler yüzlüydü.",166,False,6,True,True,False,True,True,False,True,False,False,False,True,False,False,False,False,False,False,False
gma_42d8703d0548e41bc8e767ba,BOD106,La Blanche Island Bodrum,Güvercinlik,4,HIGH,2026-07-26,"Otelde yemekler gayet iyiydi. Kötü yorum olarak otelde plajda, asansörlerde ve bazı katlarda çok pis koku vardı. Birde plajda insanlar orda olmadıkları halde boş yere havluyla kendilerine yer tutuyordu. Odalarda iyiydi ama bizim odamızda duşa kabinden dışarıya çok su taşıyordu eğimi ters yapılmış ve sifon basılı kalıyordu. Edit: hep kötü özelliklerden bahsetmiş olmıyım, adanın heryerindeki tuvaletlerin temizliği, personellerin ilgisi gerçekten çok iyi seviyede. Herkese uygun Plaj seçenekleri var. Ama bunların yanında şu otel marketlerinin kişilere göre fiyat belirleme politikası burdada var ne yazık ki hiç bir fiyat etiketi göremiyorsunuz.",89,False,7,True,True,True,True,True,False,True,False,False,True,False,False,False,False,False,False,False,False
gma_6a9a9cdb8c78c76bda3ad069,BOD106,La Blanche Island Bodrum,Güvercinlik,3,MIXED,2026-08-04,"Merhaba, Öncelikle otelin, Bodrum’da tatil yapmak isteyen kişiler için fiyat-performans açısından değerlendirilebilecek bir tesis olduğunu düşünüyorum. Konaklamamız süresince yaşadığımız olumlu ve olumsuz deneyimleri paylaşmak isterim. Otele ilk girişimizde bizi Jolly Tur’dan Emirhan Bey karşıladı. Kendisi işini son derece titizlikle ve özveriyle yapan, gerçekten çok ilgili biriydi. Kendisine tekrar teşekkür etmek isterim. Açık söylemek gerekirse, Emirhan Bey olmasaydı ilk gün ücret iadesi talep ederek otelden ayrılmayı düşünüyorduk. ## Olumlu Deneyimler 1. Otelin denizi gerçekten harika. 2. Özellikle lobi tarafındaki barda hazırlanan kokteyller oldukça lezzetliydi. Whiskey Sour olması gerektiği gibiydi. İtalyan restoranında çalışan Muhtar isimli arkadaşın hazırladığı kokteylleri özellikle çok beğendik. 3. Akşam eğlenceleri yeterliydi. Sahne alan müzik grupları da oldukça başarılıydı. 4. Açık büfedeki yemek çeşitliliği yeterliydi. Yemeklerin lezzetleri de genel olarak kötü değildi. 5. Yeterli sayıda snack restoran bulunuyor. Gün içerisinde mutlaka damak tadınıza uygun bir seçenek bulabiliyorsunuz. 6. Servis personelinin ve otel çalışanlarının büyük bir bölümü güler yüzlü ve ilgiliydi. ## Olumsuz Deneyimler 1. Otele giriş yaptığımızda araçtan indik ve valizlerin odaya gönderilebilmesi için oda numaramızı görevli arkadaşlara bildirmemiz gerektiği söylendi. Yaklaşık yedi saat araç kullandıktan sonra bunu söylemeyi unutarak odamıza çıktık. Resepsiyonu arayıp valizlerin gönderilmesini rica ettiğimizde, “Aşağıya gelip oda numaranızı sizin söylemeniz gerekiyor.” şeklinde bir yanıt aldık ve bu konuda hiçbir şekilde yardımcı olunmadı. Oda numarasının, yalnızca 10-15 metre mesafedeki valiz görevlilerine resepsiyon tarafından iletilmesi mümkünken, ikinci kattan tekrar aşağıya inmemizin istenmesini mantıklı bulmadık. Neyse ki Emirhan Bey duruma müdahale etti ve valizlerimizin odamıza gönderilmesini sağladı. 2. Hızlıca bir şeyler yemek için snack restorana gittik. Servis edilen burger ekmekleri soğuktu. Köftenin hangi etten yapıldığı belli değildi ve kofteni nrengi açık renk ti. Lezzeti kötü olmamasına rağmen, yerken dişimize sert parçalar geldi. Kıymanın içeriği konusunda ciddi şekilde şüphe duyduk. Dana kıymaya yalnızca tuz ve karabiber ekleyip ızgarada düzgün bir burger köftesi hazırlamak bu kadar zor olmamalı. 3. Döner sipariş ettik. Ancak gelen ürün dönerden çok, kesilmiş köfteyi andırıyordu. Sanırım tamamen kıymadan hazırlanmıştı. Çiğnerken bunda da ağzımıza sert parçalar geldi. 4. pina 24 restoranttan Tavuk suyu çorbası sipariş ettik. Son derece tatsız, malzemeleri tamamen dibe çökmüş ve çorbayla pek ilgisi olmayan bir ürün servis edildi. 5. Yemeklerden sonra kokteyl içmek için sahildeki sahnenin yanında bulunan bara gittik. Daha önce Voyage Otel’de hazırlattığımız ve oldukça beğendiğimiz bir kokteyli tarif ettik. Barmen, bu kokteylin yapılamayacağını söyledi. Bunun üzerine gülerek karşılık vermesi nedeniyle topluluk içinde kendimizi küçümsenmiş ve rahatsız hissettik. Daha sonra latte kıvamında, kremamsı bir kokteyl istediğimizi anlattık. Ancak bize son derece kötü bir kokteyl hazırlandı. Barmenin süreç boyunca suratsız ve isteksiz davranması da ayrıca rahatsız ediciydi. Biz de “Eline sağlık.” diyerek içeceğimizi alıp oradan ayrıldık. 6. A la carte restoranların rezervasyonları sürekli doluydu. Gün içerisinde rezervasyon yaptırmak maalesef mümkün olmadı. 7. Açık büfede yemek servisi sona ererken görevlinin, tepside kalan pideleri çıplak eliyle iterek topladığını gördük. Hijyen açısından kesinlikle kabul edilebilir bir durum değildi. Kısacası, bizim tatilimizi Emirhan Bey kurtardı. Nerede daha güzel yemek yiyebileceğimizi ve denize hangi noktadan girmemizin daha iyi olacağını bize tam isabetle söyledi. İlgisi ve yönlendirmeleri sayesinde tatilimiz çok daha keyifli hale geldi.",497,False,10,True,True,True,True,True,False,True,True,True,True,True,False,False,False,False,False,False,False
gma_c98445f1574c0fc936376684,BOD106,La Blanche Island Bodrum,Güvercinlik,3,MIXED,2026-08-04,"Otel konumu ve deniziyle one cikan ve yanindaki otelleri dusunursek tam bir fiyat performans yeri. Denizi cok guzel ama yuzme bilmeyenler dikkat etsin cunku hemen derinleşiyor. Gelelim otelin durumuna. 5 yildizli hersey dahil bir otel odasi degilde 3 yildizli bir oda izlenimi veriyor. Yemekler çesit anlaminda gercekten cok zayif. Lezzetlerini begendim bizi de hic rahatsiz etmedi ama diger otellere kiyasla cok geride. Lobinin oradaki teras cafedeki calisanlar cok yardimsever, otelin genelinde oyle ama oda temizligi bize mi denk geldi bilmiyorum gercekten kotuydu. Havuzun yanindaki ve gunduzleri asagidaki restoranda masada QR okutarak siparis verebiliyorsunuz ve cok hizli geliyor. Starbucks ve waffle olan bir yer var heryere uzak onu hic anlamadim. Farkli yerlerde dondurma bufeleri var, cocuklar icin guzel. Otel cok kalabalik, cok farkli ulkelerden turist var ama bence buranin yonetimi deniz, konum guzel diye otel olanaklarini çok kısmış. Diger oteller gibi secenekler ve kalite beklemeyin. Biz tatilimizde denizi cok onemsedigimiz icin memnun ayrildik ama siz tesisten de beklentileriniz varsa bir kez daha dusunun derim. Otel cunku asla bu odenenen ucretleri haketmiyor bence.",171,False,7,False,True,True,True,True,True,True,False,False,True,False,False,False,False,False,False,False,False
gma_d0e729194bf8a0b0b0547d22,BOD106,La Blanche Island Bodrum,Güvercinlik,5,HIGH,2026-08-04,Ayşe Gül Kayahan Google üzerinde 3 hafta önce düzenlendi,9,False,0,False,False,False,False,False,False,False,False,False,False,False,False,False,False,False,False,False,False
gma_de7076e7d5a5c2dc2984745b,BOD106,La Blanche Island Bodrum,Güvercinlik,5,HIGH,2026-08-04,"Otel konum olarak çok öne geçiyor. Odaları biraz küçük ve sofa yerine normal tek kişilik yatak konulmalı. Kendini daha da yenilerse muhteşem manzara ve plajlarıyla baya bir öne geçer. Mutfağı güzel. Çeşitlilik çok, her yerde snack barlar. Ala carte hizmet. Tatlı çeşitliliği hayranlık verici. Lezzet ve sunum ve artı şahane hizmet eden güler yüzlü personeli. Eğlence, aktiviteler güzel. Animasyon ekibinden Sercio (Sercan Bey), Nur Hanım müthiş enerjileri ile renk katıyorlar. Mutfak personelinin ve tüm otel personelinin hepsi güler yüzlü, hepsi çözüm üretici ve arı gibi çalışkanlar. Bu gerçekten çok önemli bir kriter. Hepsine ayrı ayrı teşekkürler. Servis için her bir birimde personel vızır vızır çalışıyor. Jolly Tur’dan Emirhan Bey, Resepsiyondan Emircan Bey, ilgi ve alakaları için çok çok teşekkürler. Her bir yerde güler yüzü ve içtenliği derinden hissettik. Beach Bardan Can Bey ve Ali Bey, Özgür bey ve ismini hatırlayamadıklarım; her birine şükranla. Enerjileri müthiş.Barmen Ali Bey’in içten güzel dileklerle hizmet anlayışı ailecek bizi ayrıca mutlu etti ve Azerilere olan kardeşlik bağımızı bir kez daha gösterdi. Spa Wellnes’ten Arkadaş Bey de çok neşeli ve ilgili sağ olsun. Spor salınundan Remziye Hanıma da teşekkürler. Golf araçlarıyla otel turu çok keyifliydi. Bagaj personeli, bel boy arkadaşlar hepsi ilgili ve güler yüzlüydü. İsmini hatırlayamadığım çokça kahraman personeli var. Biz bir Türk aile olarak çok güzel duygularla ayrılıyoruz. Sırf bu güzel kadro çalışanları için bile tekrar tercih sebebi. Manzarası, kuş cıvıltıları, cırcır böceği sesleri, çam ağaçları, denizi ile tam bir Bodrum Masalı gibi. Her personeline tekrar teşekkür ve saygılarımızla .",246,False,7,True,False,True,True,True,False,False,False,False,False,False,False,True,True,False,False,True,False
gma_f7a920b6357a4c444afe7d83,BOD160,La Blanche Resort Bodrum,Turgutreis,5,HIGH,2026-07-26,"La Blanche Resort & guzel bir tatil Otelin genel temizliği, ortak alanların hijyeni ve odamızın günlük temizliği her gün kusursuz bir şekilde yapıldı; her yer her an tertemiz ve mis kokuluydu.Bütün personel inanılmaz derecede sıcak, samimi ve A'dan Z'ye hepsi çok çalışkan. Her an her ihtiyacımıza güler yüzle koştular ve bizi çok özel hissettirdiler.Otelin her noktasından ayrı bir güzel görünen manzarası, havuzları ve muhteşem denizi tek kelimeyle harikaydı. Restoran kalitesi ve yemek çeşitliliği ise bizi hayran bıraktı. Özellikle akşam yemeklerindeki zengin ızgara çeşitleri ve taze balıklar tam anlamıyla bir lezzet şöleniydi.Ayrıca çocuklar için sunulan imkanlar ve aktiviteler gerçekten 10 numara! Çocuklu ailelerin kesinlikle gözü kapalı tercih edebileceği bir yer. Hem biz çok dinlendik hem de çocuklarımız harika vakit geçirdi. Emeği geçen tüm otel çalışanlarına çok teşekkür ederiz",127,False,7,True,True,True,True,True,True,False,False,False,False,False,False,False,True,False,False,False,False
gma_9ed06f0c1f8834d1e34f02e8,BOD160,La Blanche Resort Bodrum,Turgutreis,5,HIGH,2026-07-28,Otele girdiğimiz gibi oda değişimi talebimizi hiç oyalamadan anında gerçekleştirdiler. 2 çocukla aile odasında çok rahat ve konforlu bir konaklama gerçekleştirdik. Otelin hemen her bölgesinde bulunan barlar sayesinde kısa sürelerde içecek ve yiyeceklere erişebildik. Snack bar mükemmeldi. 1 gece free olarak faydalandığımız alakart restoranda hizmet çok iyiydi. Genel olarak açık büfeler ( öğlen giç gitmedik ) zengin ve lezzetliydi. Çalışanların ilgili ve güler yüzlü yaklaşımlarıyla bir otel tatilinden alınabilecek maksimum keyifle ayrıldık. Turgutreis marinaya yürüme yoluna çok yakın konumuyla akşamları otelden çıkmamıza rağmen otelden uzaklaşmadan keyifli yürüyüşler yaptık. Bölgenin denizi çok keyifli değil ama otelin dalga kıranları sayesinde göl gibi bir deniz alanı oluşturulmuş. Çocuklar için aqua bölümü yeterliydi ancak max. 12-13 yaşa hitap eder.,115,False,5,True,False,True,True,True,False,False,False,False,False,False,False,False,True,False,False,False,False
gma_177a3c1954eacf579d21927d,BOD160,La Blanche Resort Bodrum,Turgutreis,4,HIGH,2026-08-04,"Bu otele 2025 yılında da konaklamış ve oldukça memnun ayrılmış biri olarak, bu yıl maalesef aynı kaliteyi bulamadık. …",19,False,0,False,False,False,False,False,False,False,False,False,False,False,False,False,False,False,False,False,False
gma_1080be5929950b035ba9e7c6,BOD160,La Blanche Resort Bodrum,Turgutreis,1,LOW,2026-06-26,"Otelde 5 gün konakladık, balayımızda tercih ettiğimiz 2. Otelimizdi. İlk otelimizden ayrılıp burada devam ettiğimiz için çok pişman olduk. Odalar milattan öncesinden kalma, aşırı eski pansiyon gibi hissettiriyor. Her akşam klimamız bozuldu ve en az 3 gün su sorunu yaşadık banyomuzdan su taşıyor ve odayı basıyor. Odaya kahvaltı istedik istediğimiz saat aralığını söyledik +-40 dakika da süre verdik yine de gelemedi. Otelde hizmet kalitesi yerlerde çok misafir var ama personel sayısı az. Personeller kesinlikle iyi niyetli ve yetişmeye çalışıyor fakat ellerinden birşey gelmediği sayılarının yetersiz olduğu çok net gözüküyor. Havuz şezlonglarına saat sabah 6da havlu atmaya başlıyorlar sabah uyandığınızda yer bulamıyorsunuz veya çok uzak şezlonglara mecbur kalıyorsunuz. Otelin buna izin verniyor olması gerekiyor fakat müdahale etmiyorlar. En kötüsü otel misafirlerine misafir oldukları belli olsun diye en azından bi bileklik birşey veriyor olmaları gerekiyor fakat vermiyorlar. Otelde gece eğlencelerine dışardan tas kafa tipler gizlice katılıyor. Birden fazla kez bu tipleri güvenliğin ayıklamaya çalıştığına şahit olduk. Bizim balayımız için oldukça kötü bir deneyimdi tavsiye etmiyoruz tekrar da tercih etmeyiz. Oda çarşafları da 3 günde 1 temizleniyor yeni takılan çarşafta da leke vardı.",180,False,8,True,True,True,True,True,True,False,False,False,False,False,True,False,False,False,False,False,True
gma_072642c323a5d6d681be9f4a,BOD160,La Blanche Resort Bodrum,Turgutreis,5,HIGH,2026-06-26,"Bu otelde ilk defa konaklama şansı bulduk ve genel olarak aldığımız hizmetten gerçekten çok memnun kaldık. Ödediğimiz ücretin karşılığını tam anlamıyla veren, huzurlu ve eğlenceli bir tatil deneyimi oldu. Yorumlarımı birkaç ana başlıkta detaylandırmak isterim: Yemekler: Genel olarak gayet başarılı ve lezzetliydi. Çeşitlilik ve sunum gayet yeterliydi. Temizlik ve Düzen: Otelin genel temizlik standartları gayet iyiydi. Hem odamız hem de ortak kullanım alanları (havuz çevresi, restoranlar) düzenli olarak temizlendi ve hijyen konusunda içimiz rahat etti. Animasyon ve Eğlence: Tatilimizin en dinamik ve keyifli kısmı kesinlikle animasyon ekibiydi! Gece ve gündüz düzenlenen aktivitelerin tamamı gayet iyi organize edilmişti ve hiç sıkılmadık. Özel Teşekkür: Animasyon ekibinden Erkan’a ise parantez açmak gerekiyor. Kendisinin muazzam enerjisi, güler yüzü ve konuklarla olan samimi iletişimi tatilimize bambaşka bir neşe kattı. Kendisine ve tüm ekibe misafirperverlikleri için çok teşekkür ederiz. Özetle; her şeyiyle çok memnun kaldığımız, verdiğimiz paraya değen bir tatil oldu. Gelecek yıllarda tekrar tercih edebileceğimiz oteller listesine şimdiden üst sıralardan giriş yaptı. Herkese gönül rahatlığıyla tavsiye ederim!",162,False,7,True,True,True,True,False,True,False,False,False,False,True,False,False,False,False,True,False,False
gma_82c09d52c40b32c82ae513bf,BOD160,La Blanche Resort Bodrum,Turgutreis,5,HIGH,2026-07-26,"Bir hafta boyunca bu otelde konakladım ve genel olarak oldukça memnun ayrıldım. Fiyatına göre sunduğu hizmet gerçekten beklentilerimin üzerindeydi. Otelin temizliği, düzeni ve genel atmosferi oldukça başarılıydı. Yemekler lezzetli ve çeşitliydi, personel ise her zaman güler yüzlü, ilgili ve yardımseverdi. Animasyon ekibi tatilimize ayrı bir renk kattı. Gün boyunca düzenlenen etkinlikler ve akşam gösterileri hem eğlenceli hem de keyifliydi. Misafirlerle yakından ilgilenmeleri ve enerjileri sayesinde tatilimiz çok daha güzel geçti. Özellikle animatör Erkan'a emekleri, ilgisi ve samimiyeti için ayrıca teşekkür etmek istiyorum. Kendisi sayesinde çok güzel anılar biriktirdik. Kısacası, bu otel fiyat-performans açısından kesinlikle tavsiye edebileceğim bir yer. Güzel hizmet anlayışı, sıcak ortamı ve profesyonel çalışanları sayesinde unutulmaz bir tatil geçirdim. Tekrar tatil planladığımda gönül rahatlığıyla tercih edeceğim bir otel. Emeği geçen tüm otel çalışanlarına teşekkür ediyor, başarılarının devamını diliyorum.",130,False,4,True,True,True,False,False,False,False,False,False,True,False,False,False,False,False,False,False,False
gma_437856a6ce534bcc5e04f77e,BOD160,La Blanche Resort Bodrum,Turgutreis,5,HIGH,2026-07-26,"Konum olarak Turgutreis'in en güzel ucunda yer alıyor. Manzarası harika. Denizi çok güzel. Deniz kenarındaki şezlonglar yeterli. Havuzu büyük ve yine şezlonglar yeterli. Restorandan yemek çeşidi oldukça fazla. İster kırmızı et, ister tavuk eti, ister hindi eti, ister balık olsun farklı seçenekler sunuyorlar. Bir gün daha kaburga varsa ertesi gün biftek ile devam ediyorlar. Farklı ızgara seçenekleri sunuluyor. Meze çeşitleri ve tatlı çeşitleri öncelikle gözünüzü doyuruyor ve genel olarak lezzetliler. Restoran kısmında şu am en yoğun döneminde olmamıza karşın rahatlıkla yer bulabiliyorsunuz. Odalar temiz, her gün temizliğine özen gösteriyorlar. Tek eksik yanı televizyon konumu ve özelliği. Kanal çeşidi sınırlı ve biraz küçük denebilir. Konum olarak da odamızdaki çok iyi diyemem. Akşam etkinlikleri güzel. Barları sürekli aktif ve içecekleri gayet iyi. Kullandıkları içkiler güzel. Çalışanlar güler yüzlü ve çözüm odaklı. Hiçbir istediğinizi heri çevirmiyorlar. Otopark bu büyük otel için yetersiz. Çocuklar için keyifli ancak kaydıraklı havuz bu otel için vasat. Bir beklentiniz olmasın. Yine de bu bölgede gidilebilecek en iyi otel.",160,False,8,True,True,True,True,True,True,False,False,False,False,False,False,False,True,True,False,False,False
gma_5712e25915660d5bea79e8eb,BOD160,La Blanche Resort Bodrum,Turgutreis,5,HIGH,2026-07-26,"Ailemle birlikte 5 gün aile odasında kaldım. Otel genel olarak net söyleyebilirim ki; üst düzey sayılabilecek kategoride. Özellikle yeme içme konusunda 10 üzerinden 10 luk. Animasyon, aktiviteler ilgi alaka çok çok iyi. Akşamları keyifli vakit geçirilecek kaliteli organizasyonlar mevcut. Oda temizliği gayet yeterli fakat odalar artık biraz eskimiş yenilenme gerekir. Eksi olarak gördüğüm 2 unsur; 1. otel bir dalgakıran içinde yer aldığından deniz tabanı biraz kum gibi değilde balçık gibi, fakat su temiz. 2. olarak gölge alanın yetersiz kalması. Her otelde olduğu gibi bu oteldede insanların şezlong ve şemsiye kapma arsızlığından dolayı, sıkıntı yaşanıyor. Gölge yer bulamayıp sırtımın ciddi yandığını otel yönetimine ilettim. Genel olarak parasını sonuna kadar hakeden bir otel. Teşekkür ediyorum.",113,False,7,True,True,False,True,True,False,True,False,False,False,False,False,False,True,False,True,False,False
gma_306a3fae576c1f8bf6825604,BOD160,La Blanche Resort Bodrum,Turgutreis,1,LOW,2026-07-26,"Otelde 3 gün konakladım bir an önce çıkmak istedim. Odalar her gün temizleniyor görünüyor sağolsun toplayıp çöp bosaltıyolar ama 2 küçük çocukla gittiğimiz için elimizde olmadan çarşaflar kirlendi onları değiştirmediler aynen örtmüşler üstüne pikeyi. Odada girişte saç ve yaprak yumağı vardı cıkısta da vardı, tuvalet banyoda benzer şekilde üstelik küf de vardı malesef banyoda. Calısanlar belki yetersiz o yüzden ama 10 aylık çocuk kucağımda her yemeği her içeceği kalkıp kendim aldım(snack bar hariç) . Hatta sırada gördüler ama kimse biz getirelim vs demedi. Ortak wcler de temiz değildi malesef. Havuz içi temizdi. Yemekler lezzet ve çeşitleri orta halli. 2 defa asansörde kaldım ve ilk gün resepsiyon a söyledim ama pek sallayan olmadı sanırım 3 gün boyunca asansör zili arızadan dolayı caldı zira son gün tekrar kaldım. Bavulları alt kata merdivenle taşıdık. Asansöre binerken de personelden oncelik veren vs yok bebek arabasıyla bekliyoruz öyle. Çocuklar için ayrı yiyecekler yok. Çocuk tuvaleti bakım odası da yok. 3 yaş oğlum bir defa kids cluba gitmek istedi yüz boyama için 15-20dakika vardı 17.00 a sağolsunlar biri sallamadı hiç , 3. Sorusumda diğerbiri kapatıyoruz dedi. Etkinliklerde de bir düzen yok arkadas sup board kullanmak istedi etkinlik saati dısı diye kullandırtmadılar ertesi gün diğer misafirler kafasına göre takılıyordu. La blanche İsland, the plaza ve hapimagda da kalmıs biri olarak Bodrum'da tek sevmediğim otel bu. Bu arada girişteki kız da calısma arkadaşlarına nedense kaba davranıyor😒. Kahveler asırı acı (Türk kahvesi ve americano denedik), bira olarak sadece efes fıcı bira var minibarda da alkol yok, çay bardağı bulmak da oldukça zor hatta zaman zaman cay bulmak da zor, snack bar çeşitlerine pizza taco vs eklenebilir. Çocuk havuzu ve kaydırak kısmında cankurtaran yoktur diye yazı asılmıs ama özellikle oralarda cankurtaran olmalı. Oda manzarası ,buyuk havuzu, kıymalı pidesi, barmen orhan, kedileri seven Süpürge yapan adam ve havlu kısmındaki personel iyiydi 😊",301,False,8,True,True,True,True,False,True,True,False,False,False,True,False,False,True,False,False,False,False
gma_d7112dbb58fa6a7d2034c12f,BOD160,La Blanche Resort Bodrum,Turgutreis,4,HIGH,2026-07-28,"Bu otele 2025 yılında da konaklamış ve oldukça memnun ayrılmış biri olarak, bu yıl maalesef aynı kaliteyi bulamadık. Geçen yıl bizi tekrar gelmeye teşvik eden hizmet anlayışının yerini, birçok konuda belirgin bir kalite düşüşü almıştı. Otele giriş yaptığımızda bizi karşılayan kimse olmadı. 4 kişilik rezervasyonumuz bulunmasına rağmen ilk etapta yalnızca 3 kişinin rahat edebileceği büyüklükte bir oda verildi. Odanın uygun olmadığını belirterek itiraz ettiğimizde, bir görevlinin bize ""Siz bu odayı seçmişsinizdir."" şeklinde yaklaşması profesyonellikten oldukça uzaktı ve misafir memnuniyeti anlayışıyla bağdaşmıyordu. İtirazlarımız sonrasında odamız değiştirildi. Oda değişikliği sırasında eşyalarımızın eski odadan yeni odaya otel personeli tarafından taşınacağı, bizim de bu sırada tatilimize başlayabileceğimiz söylendi. Ancak yeni odamıza geldiğimizde büyük bir hayal kırıklığı yaşadık. Tüm eşyalarımız hiçbir güvenlik önlemi alınmadan oda kapısının önündeki koridora bırakılmıştı. Kişisel eşyaların herkesin erişimine açık bir alanda bu şekilde bırakılması kabul edilebilir değildi ve otele duyduğumuz güveni ciddi şekilde zedeledi. 2025 yılındaki konaklamamızla kıyasladığımızda yerli çalışan sayısının belirgin şekilde azaldığını gördük. Yabancı çalışanlarla iletişim kurmakta ciddi zorluk yaşadık. Basit bir çatal-bıçak talebini bile anlatmakta güçlük çektik. Havlu istememize rağmen odamıza yastık gönderilmesi, yaşanan iletişim problemlerinin en somut örneklerinden biriydi. Yemek kalitesinde ve çeşitliliğinde de gözle görülür bir gerileme vardı. Özellikle balık ürünlerinin kalitesi beklentimizin oldukça altındaydı. Geçen yıl sunulan orijinal ambalajlı içeceklerin yerine bu yıl neredeyse tamamen dökme içeceklere geçilmiş olması da kalite algısını olumsuz etkileyen önemli bir değişiklikti. Gün içerisinde neredeyse hiç animasyon veya aktivite olmaması dikkat çekiciydi. Bunun yanında geçen yıl her noktada güler yüzle karşılaştığımız otelde bu yıl aynı sıcaklığı hissedemedik. Sadece Gardenya restoranının girişinde misafirleri karşılayan görevlinin samimi ve güler yüzlü yaklaşımı bu konuda olumlu bir istisnaydı. Olumsuzluklara rağmen müşteri ilişkileri sorumlusu Annie Hanım ve ekibinin yaklaşımını ayrıca belirtmek isterim. Yaşadığımız sorunların çözümü için gerçekten büyük çaba gösterdiler ve her zaman çözüm odaklı davrandılar. Kendilerine misafir memnuniyetine verdikleri önem için teşekkür ediyoruz. Ayrıca tatlı çeşitleri ve lezzeti de otelin güçlü yönlerinden biri olmaya devam ediyor. Sonuç olarak, 2025 yılında büyük memnuniyetle ayrıldığımız Blanche Resort'ta bu yıl aynı hizmet standardını maalesef göremedik. Bizi en çok üzen konu fiziksel eksikliklerden ziyade hizmet kalitesindeki ve misafir deneyimindeki belirgin gerileme oldu. Bu otelin çok daha iyi hizmet verebilecek potansiyele sahip olduğuna inanıyor; yönetimin personel eğitimi, iletişim, misafir karşılama süreçleri, yiyecek-içecek kalitesi ve genel hizmet standardı konusunda gerekli iyileştirmeleri en kısa sürede hayata geçirmesini temenni ediyoruz.",379,False,8,True,True,True,True,False,False,False,True,False,False,True,False,False,False,False,True,False,True
