hotel_name,area,property_category,google_rating,google_review_count,search_price_usd_snapshot
Benjamin Otel,Gümüşlük,Otel,5.0,487,129.0
Mumu Bodrum Hotel,Bitez,Otel,4.9,71,133.0
Liman Hotel Gümüslük (Adult only),Gümüşlük,Otel,4.8,411,134.0
Villa Oliva Butik Otel,Gündoğan,Otel,4.8,168,123.0
Noa Suite Hotel,Bodrum Merkez,Otel,4.8,98,71.0
Begonvil Gümüşlük,Gümüşlük,Kamping Bungalov,4.8,36,151.0
Senses Hotel,Bodrum Merkez,Otel,4.7,1035,148.0
Wanderheaven Camping & Tiny House Bodrum,Gümüşlük,Otel,4.7,613,80.0
Villa Rustica Hotel,Gündoğan,Otel,4.7,243,145.0
Babana Hotel,Göltürkbükü,Otel,4.7,221,132.0
Oza butik hotel,Gümüşlük,Otel,4.7,143,109.0
Meis Apart Hotel,Bitez,Otel,4.7,134,147.0
OLİVE TREE HOTEL,Gündoğan,Otel,4.7,79,118.0
Bodrium Hotel & SPA,Bodrum Merkez,Otel,4.6,1102,151.0
Manuela Otel Bitez,Bitez,Otel,4.6,871,131.0
Rammos Managed by Dedeman,Turgutreis,Otel,4.6,615,122.0
Casa Del Mar Bodrum,Göltürkbükü,Turistik Pansiyon,4.6,263,135.0
Bodrum Ada Otel Turgutreis,Turgutreis,Otel,4.6,157,89.0
Lavinya Otel Göltürkbükü,Göltürkbükü,Otel,4.6,132,157.0
Mira Suites,Torba,Otel,4.6,117,98.0
Altınkaya Hotel,Ortakent-Yahşi,Otel,4.6,77,164.0
Jasmin Elite Residence & Spa,Gümbet,Uzun Süreli Kalmaya Uygun Otel,4.5,600,154.0
Zest Exclusive Hotel and Spa,Ortakent-Yahşi,Otel,4.5,467,130.0
Otel Gümüşlük,Gümüşlük,Otel,4.5,442,110.0
LA BREZZA SUITE &HOTEL,Akyarlar,Otel,4.5,424,121.0
HAKAN OTEL,Bitez,Otel,4.5,311,78.0
Oda Bodrum Gümüşlük,Gümüşlük,Otel,4.5,276,63.0
Paradise Gümüşlük,Gümüşlük,Uzun Süreli Kalmaya Uygun Otel,4.5,37,81.0
Paloma Family Club Bitez,Bitez,Otel,4.4,1201,132.0
Faros Bodrum Hotel Göltürkbükü,Göltürkbükü,Otel,4.4,373,162.0
Vita Bella Hotel Resort & Spa,Gündoğan,Otel,4.4,365,119.0
Acropol Of Bodrum Beach Hotel - Restaurant,Ortakent-Yahşi,Otel,4.4,361,91.0
Çınar Butik Otel Bodrum,Bitez,Otel,4.4,226,69.0
Dolce Vita Luxury Bungalows,Bitez,Otel,4.4,214,89.0
ByAkkan,Akyarlar,Otel,4.4,203,84.0
