hotel_id,hotel_name,area,mapping_status,page_accessible,total_google_review_count_master,reviews_collected,reviews_with_text,rating_1_n,rating_2_n,rating_3_n,rating_4_n,rating_5_n,low_n,mixed_n,high_n,target_cap,target_reached,blocked,error_type,last_checkpoint,collection_completed_at
BOD068,Selectum Colours Bodrum,Gümbet,FOUND_EXACT_PLACE_ID,True,13412,10,10,1,1,1,2,5,2,1,7,75,True,False,PUBLIC_REVIEW_PANEL_NOT_ACCESSIBLE; READ_ONLY_CASE_STUDY_FALLBACK,2026-08-25T15:50:00+00:00,2026-08-25T15:50:00+00:00
BOD103,Green Bay Resort & Spa Bodrum,Güvercinlik,FOUND_EXACT_PLACE_ID,True,6843,10,10,3,2,1,1,3,5,1,4,75,True,False,PUBLIC_REVIEW_PANEL_NOT_ACCESSIBLE; READ_ONLY_CASE_STUDY_FALLBACK,2026-08-25T15:49:55+00:00,2026-08-25T15:49:55+00:00
BOD106,La Blanche Island Bodrum,Güvercinlik,FOUND_EXACT_PLACE_ID,True,6594,10,10,0,1,3,3,3,1,3,6,75,True,False,PUBLIC_REVIEW_PANEL_NOT_ACCESSIBLE; READ_ONLY_CASE_STUDY_FALLBACK,2026-08-25T15:49:57+00:00,2026-08-25T15:49:57+00:00
BOD012,Selectum Collection Bodrum,Akyarlar,FOUND_EXACT_PLACE_ID,True,6514,10,10,1,1,0,2,6,2,0,8,75,True,False,PUBLIC_REVIEW_PANEL_NOT_ACCESSIBLE; READ_ONLY_CASE_STUDY_FALLBACK,2026-08-25T15:50:17+00:00,2026-08-25T15:50:17+00:00
BOD160,La Blanche Resort Bodrum,Turgutreis,FOUND_EXACT_PLACE_ID,True,5754,10,10,2,0,0,2,6,2,0,8,75,True,False,PUBLIC_REVIEW_PANEL_NOT_ACCESSIBLE; READ_ONLY_CASE_STUDY_FALLBACK,2026-08-25T15:50:20+00:00,2026-08-25T15:50:20+00:00
BOD115,Yasmin Bodrum Resort,Kadıkalesi,FOUND_EXACT_PLACE_ID,True,5589,0,0,0,0,0,0,0,0,0,0,75,False,False,PUBLIC_REVIEW_PANEL_NOT_ACCESSIBLE,2026-08-25T15:50:23+00:00,2026-08-25T15:50:23+00:00
BOD141,DUJA BODRUM,Torba,,,5479,,,,,,,,,,,75,,,,,
BOD148,Rixos Premium Bodrum,Torba,,,4889,,,,,,,,,,,75,,,,,
BOD110,Titanic Luxury Collection Bodrum,Güvercinlik,,,4656,,,,,,,,,,,75,,,,,
BOD007,Kefaluka Resort,Akyarlar,,,4293,,,,,,,,,,,75,,,,,
BOD066,Royal Asarlik Beach Hotel & Spa,Gümbet,,,3511,,,,,,,,,,,75,,,,,
BOD114,Sianji Well-Being Resort Thermal & Spa,Kadıkalesi,,,3245,,,,,,,,,,,75,,,,,
BOD011,"Radisson Collection Hotel, Bodrum",Akyarlar,,,3237,,,,,,,,,,,75,,,,,
BOD002,Armonia Holiday Village & Spa,Akyarlar,,,3197,,,,,,,,,,,75,,,,,
BOD108,Lujo Hotel Bodrum,Güvercinlik,,,3189,,,,,,,,,,,75,,,,,
BOD040,Diamond of Bodrum Hotel,Bodrum Merkez,,,3022,,,,,,,,,,,75,,,,,
BOD161,MyElla Hotel Resort & Spa,Turgutreis,,,2926,,,,,,,,,,,75,,,,,
BOD156,Voyage Torba,Torba,,,2753,,,,,,,,,,,75,,,,,
BOD056,"Mandarin Oriental, Bodrum",Göltürkbükü,,,2728,,,,,,,,,,,75,,,,,
BOD140,DoubleTree by Hilton Bodrum Işıl Club All-Inclusive Resort,Torba,,,2690,,,,,,,,,,,75,,,,,
BOD130,Petunya Beach Resort,Ortakent-Yahşi,,,2687,,,,,,,,,,,75,,,,,
BOD045,Salmakis Resort & Spa,Bodrum Merkez,,,2681,,,,,,,,,,,75,,,,,
BOD019,Bitez Garden Life Hotel&Suites,Bitez,,,2527,,,,,,,,,,,75,,,,,
BOD150,Samara Hotel,Torba,,,2488,,,,,,,,,,,75,,,,,
BOD004,Bendis Beach Hotel,Akyarlar,,,2469,,,,,,,,,,,75,,,,,
BOD177,Delta Hotels By Marriott Bodrum,Yalıkavak,,,2444,,,,,,,,,,,75,,,,,
BOD063,Jasmin Beach Hotel,Gümbet,,,2330,,,,,,,,,,,75,,,,,
BOD113,Kadıkale Resort,Kadıkalesi,,,2121,,,,,,,,,,,75,,,,,
BOD067,Sami Beach Hotel,Gümbet,,,2089,,,,,,,,,,,75,,,,,
BOD016,Xanadu Island,Akyarlar,,,2068,,,,,,,,,,,75,,,,,
BOD088,Baia Bodrum Hotel,Gündoğan,,,1964,,,,,,,,,,,75,,,,,
BOD035,Azka Otel - Bardakçı Koyu,Bodrum Merkez,,,1926,,,,,,,,,,,75,,,,,
BOD065,Mirada Exclusive Bodrum,Gümbet,,,1905,,,,,,,,,,,75,,,,,
BOD037,Bodrum Bay Resort,Bodrum Merkez,,,1825,,,,,,,,,,,75,,,,,
BOD041,La Quinta by Wyndham Bodrum,Bodrum Merkez,,,1764,,,,,,,,,,,75,,,,,
BOD158,Arin Resort Bodrum,Turgutreis,,,1691,,,,,,,,,,,75,,,,,
BOD058,Bodrum Beach Resort,Gümbet,,,1678,,,,,,,,,,,75,,,,,
BOD072,VERY CHIC BODRUM,Gümbet,,,1670,,,,,,,,,,,75,,,,,
BOD013,"Sentido Bellazure - Akyarlar, Bodrum / Turkey",Akyarlar,,,1650,,,,,,,,,,,75,,,,,
BOD042,Mandarin Resort Hotel,Bodrum Merkez,,,1647,,,,,,,,,,,75,,,,,
BOD164,Swissôtel Resort Bodrum Sahili,Turgutreis,,,1608,,,,,,,,,,,75,,,,,
BOD043,METT Hotel & Beach Resort Bodrum,Bodrum Merkez,,,1575,,,,,,,,,,,75,,,,,
BOD125,Kefi Beach Bodrum,Ortakent-Yahşi,,,1502,,,,,,,,,,,75,,,,,
BOD061,Gümbet Anıl Beach,Gümbet,,,1489,,,,,,,,,,,75,,,,,
BOD006,Club Marma Hotel,Akyarlar,,,1373,,,,,,,,,,,75,,,,,
BOD089,Cape Bodrum Luxury Hotel & Beach,Gündoğan,,,1351,,,,,,,,,,,75,,,,,
BOD163,Sundance Resort,Turgutreis,,,1344,,,,,,,,,,,75,,,,,
BOD017,Ambrosia Otel Beach & Spa,Bitez,,,1340,,,,,,,,,,,75,,,,,
BOD104,Greenport Bodrum,Güvercinlik,FOUND_EXACT_PLACE_ID,True,1317,0,0,0,0,0,0,0,0,0,0,75,False,False,PUBLIC_REVIEW_PANEL_NOT_ACCESSIBLE,2026-08-25T15:50:03+00:00,2026-08-25T15:50:03+00:00
BOD169,MACAKIZI BODRUM,Türkbükü,,,1247,,,,,,,,,,,75,,,,,
BOD070,The Luvi Hotel,Gümbet,,,1226,,,,,,,,,,,75,,,,,
BOD032,Paloma Family Club Bitez,Bitez,,,1201,,,,,,,,,,,75,,,,,
BOD060,Club Shark Hotel,Gümbet,,,1124,,,,,,,,,,,75,,,,,
BOD036,Bodrium Hotel & SPA,Bodrum Merkez,,,1102,,,,,,,,,,,75,,,,,
BOD046,Senses Hotel,Bodrum Merkez,,,1035,,,,,,,,,,,75,,,,,
BOD189,The Bodrum EDITION,Yalıkavak,,,1016,,,,,,,,,,,75,,,,,
BOD047,The Marmara Bodrum,Bodrum Merkez,,,987,,,,,,,,,,,75,,,,,
BOD168,Kuum Hotel & SPA Bodrum,Türkbükü,,,983,,,,,,,,,,,75,,,,,
BOD030,Natur Garden Hotel Bitez Bodrum,Bitez,,,964,,,,,,,,,,,75,,,,,
BOD020,Bitez Risa Hotel,Bitez,,,919,,,,,,,,,,,75,,,,,
BOD021,"Caresse, a Luxury Collection Resort & Spa, Bodrum",Bitez,,,904,,,,,,,,,,,75,,,,,
BOD152,"Susona Bodrum, LXR Hotels & Resorts",Torba,,,886,,,,,,,,,,,75,,,,,
BOD026,Manuela Otel Bitez,Bitez,,,871,,,,,,,,,,,75,,,,,
BOD033,Ramada Resort by Wyndham Bodrum,Bitez,,,870,,,,,,,,,,,75,,,,,
BOD107,Le Méridien Bodrum Beach Resort,Güvercinlik,,,848,,,,,,,,,,,75,,,,,
BOD109,Oscar Seaside Hotel & Spa,Güvercinlik,,,845,,,,,,,,,,,75,,,,,
BOD023,Doria Hotel Bodrum,Bitez,,,774,,,,,,,,,,,75,,,,,
BOD052,Flamm Bodrum,Göltürkbükü,,,766,,,,,,,,,,,75,,,,,
BOD166,Divan Bodrum,Türkbükü,,,753,,,,,,,,,,,75,,,,,
BOD132,Viras Hotel & Beach,Ortakent-Yahşi,,,747,,,,,,,,,,,75,,,,,
BOD014,Suum Bodrum Hotel & Beach,Akyarlar,,,739,,,,,,,,,,,75,,,,,
BOD128,Lugga Boutique Hotel & Beach,Ortakent-Yahşi,,,723,,,,,,,,,,,75,,,,,
BOD090,Costa Farilya Special Class Hotel Bodrum,Gündoğan,,,690,,,,,,,,,,,75,,,,,
BOD186,Sirene Luxury Hotel Bodrum,Yalıkavak,,,673,,,,,,,,,,,75,,,,,
BOD180,MGallery The Bodrum Hotel Yalıkavak,Yalıkavak,,,649,,,,,,,,,,,75,,,,,
BOD151,Sarpedor Boutique Hotel & SPA,Torba,,,648,,,,,,,,,,,75,,,,,
BOD192,Yalıpark Beach Hotel,Yalıkavak,,,647,,,,,,,,,,,75,,,,,
BOD131,Regia Mare Beach Hotel Bodrum,Ortakent-Yahşi,,,633,,,,,,,,,,,75,,,,,
BOD162,Rammos Managed by Dedeman,Turgutreis,,,615,,,,,,,,,,,75,,,,,
BOD087,Wanderheaven Camping & Tiny House Bodrum,Gümüşlük,,,613,,,,,,,,,,,75,,,,,
BOD095,Mivara Luxury Bodrum,Gündoğan,,,606,,,,,,,,,,,75,,,,,
BOD153,The Oba Hotel,Torba,,,603,,,,,,,,,,,75,,,,,
BOD064,Jasmin Elite Residence & Spa,Gümbet,,,600,,,,,,,,,,,75,,,,,
BOD050,Daphnis Hotel Gölköy,Göltürkbükü,,,590,,,,,,,,,,,75,,,,,
BOD057,Selvi Bodrum,Göltürkbükü,,,584,,,,,,,,,,,75,,,,,
BOD112,Azure By Yelken Hotel,Kadıkalesi,,,565,,,,,,,,,,,75,,,,,
BOD157,Voyage Torba Private,Torba,,,548,,,,,,,,,,,75,,,,,
BOD009,LİV OTEL,Akyarlar,,,546,,,,,,,,,,,75,,,,,
BOD173,Allium Bodrum Resort & Spa,Yalıkavak,,,528,,,,,,,,,,,75,,,,,
BOD069,Siesta Beach Apart,Gümbet,,,502,,,,,,,,,,,75,,,,,
BOD142,Hotel Torbahan,Torba,,,492,,,,,,,,,,,75,,,,,
BOD127,Kriss Hotel,Ortakent-Yahşi,,,490,,,,,,,,,,,75,,,,,
BOD075,Benjamin Otel,Gümüşlük,,,487,,,,,,,,,,,75,,,,,
BOD086,Vega Aparts,Gümüşlük,,,486,,,,,,,,,,,75,,,,,
BOD031,Okaliptus Otel,Bitez,,,474,,,,,,,,,,,75,,,,,
BOD136,Zest Exclusive Hotel and Spa,Ortakent-Yahşi,,,467,,,,,,,,,,,75,,,,,
BOD059,Bodrum Hotel Baba,Gümbet,FOUND_EXACT_PLACE_ID,True,465,0,0,0,0,0,0,0,0,0,0,75,False,False,PUBLIC_REVIEW_PANEL_NOT_ACCESSIBLE,2026-08-25T15:50:06+00:00,2026-08-25T15:50:06+00:00
BOD183,Ruins Luxury Resort,Yalıkavak,,,462,,,,,,,,,,,75,,,,,
BOD126,Khai Hotel Bodrum,Ortakent-Yahşi,,,452,,,,,,,,,,,75,,,,,
BOD082,Otel Gümüşlük,Gümüşlük,,,442,,,,,,,,,,,75,,,,,
BOD175,Avantgarde Refined Hotel | Yalıkavak,Yalıkavak,,,437,,,,,,,,,,,75,,,,,
BOD008,LA BREZZA SUITE &HOTEL,Akyarlar,,,424,,,,,,,,,,,75,,,,,
BOD078,Liman Hotel Gümüslük (Adult only),Gümüşlük,,,411,,,,,,,,,,,75,,,,,
BOD178,Highlight Hotel Yalıkavak,Yalıkavak,,,387,,,,,,,,,,,75,,,,,
BOD077,Ladonia Hotels Zemda,Gümüşlük,,,376,,,,,,,,,,,75,,,,,
BOD051,Faros Bodrum Hotel Göltürkbükü,Göltürkbükü,,,373,,,,,,,,,,,75,,,,,
BOD111,Zena Hotel Bodrum,Güvercinlik,,,373,,,,,,,,,,,75,,,,,
BOD143,Hotel Zeytinada,Torba,,,372,,,,,,,,,,,75,,,,,
BOD098,Swissôtel Living Bodrum,Gündoğan,,,371,,,,,,,,,,,75,,,,,
BOD145,Moyo Luxury Hotel & Beach,Torba,,,370,,,,,,,,,,,75,,,,,
BOD101,Vita Bella Hotel Resort & Spa,Gündoğan,,,365,,,,,,,,,,,75,,,,,
BOD079,Metin's Gümüşlük - Hotel & Restaurant,Gümüşlük,,,362,,,,,,,,,,,75,,,,,
BOD116,Acropol Of Bodrum Beach Hotel - Restaurant,Ortakent-Yahşi,,,361,,,,,,,,,,,75,,,,,
BOD102,Akyalı Butik Hotel,Güvercinlik,,,353,,,,,,,,,,,75,,,,,
BOD187,Spektr Boutique Hotel Yalikavak,Yalıkavak,,,330,,,,,,,,,,,75,,,,,
BOD170,No:81 Hotel,Türkbükü,,,321,,,,,,,,,,,75,,,,,
BOD139,Casa Dell'arte Otel,Torba,,,319,,,,,,,,,,,75,,,,,
BOD155,Trend Life | Trendlife Hotels & Beach Club Bodrum Torba,Torba,,,312,,,,,,,,,,,75,,,,,
BOD024,HAKAN OTEL,Bitez,,,311,,,,,,,,,,,75,,,,,
BOD092,Liona Hotel,Gündoğan,,,307,,,,,,,,,,,75,,,,,
BOD174,Arts Hotel Bodrum Yalıkavak,Yalıkavak,,,299,,,,,,,,,,,75,,,,,
BOD184,Sea Palm Otel -YALIKAVAK,Yalıkavak,,,293,,,,,,,,,,,75,,,,,
BOD010,Mare Garden Hotel,Akyarlar,,,288,,,,,,,,,,,75,,,,,
BOD071,Tropicana Beach Hotel,Gümbet,,,281,,,,,,,,,,,75,,,,,
BOD081,Oda Bodrum Gümüşlük,Gümüşlük,,,276,,,,,,,,,,,75,,,,,
BOD038,Casa Mare Bodrum,Bodrum Merkez,,,274,,,,,,,,,,,75,,,,,
BOD028,Mira Beach Resort Bodrum,Bitez,,,274,,,,,,,,,,,75,,,,,
BOD191,Yalıkavak Marina Hotel by METT Collection,Yalıkavak,,,267,,,,,,,,,,,75,,,,,
BOD049,Casa Del Mar Bodrum,Göltürkbükü,,,263,,,,,,,,,,,75,,,,,
BOD124,Irmak Boutique Hotel,Ortakent-Yahşi,,,262,,,,,,,,,,,75,,,,,
BOD129,Meggs Bodrum,Ortakent-Yahşi,,,261,,,,,,,,,,,75,,,,,
BOD181,Palmalife Bodrum Resort & Spa,Yalıkavak,,,261,,,,,,,,,,,75,,,,,
BOD120,Celeste Bella Luxury Hotel & Spa,Ortakent-Yahşi,,,258,,,,,,,,,,,75,,,,,
BOD003,ASPAT HOTEL BODRUM Beach Restaurant,Akyarlar,,,246,,,,,,,,,,,75,,,,,
BOD100,Villa Rustica Hotel,Gündoğan,,,243,,,,,,,,,,,75,,,,,
BOD039,Casa Nonna Bodrum,Bodrum Merkez,,,238,,,,,,,,,,,75,,,,,
BOD154,Toka Bodrum Hotel & Beach Club,Torba,,,238,,,,,,,,,,,75,,,,,
BOD062,"Gümbet Cove Hotel, Muğla Türkiye",Gümbet,,,237,,,,,,,,,,,75,,,,,
BOD167,Elista Hotel & Spa,Türkbükü,,,231,,,,,,,,,,,75,,,,,
BOD034,Çınar Butik Otel Bodrum,Bitez,,,226,,,,,,,,,,,75,,,,,
BOD048,Babana Hotel,Göltürkbükü,,,221,,,,,,,,,,,75,,,,,
BOD105,İsolina Hotel,Güvercinlik,,,221,,,,,,,,,,,75,,,,,
BOD073,Arriba Apartment & Restaurant & Bungalows,Gümüşlük,,,219,,,,,,,,,,,75,,,,,
BOD022,Dolce Vita Luxury Bungalows,Bitez,,,214,,,,,,,,,,,75,,,,,
BOD053,Gölköy Suites,Göltürkbükü,FOUND_EXACT_PLACE_ID,True,212,0,0,0,0,0,0,0,0,0,0,75,False,False,PUBLIC_REVIEW_PANEL_NOT_ACCESSIBLE,2026-08-25T15:50:10+00:00,2026-08-25T15:50:10+00:00
BOD005,ByAkkan,Akyarlar,,,203,,,,,,,,,,,75,,,,,
BOD018,Bitez Deniz Hotel - Restaurant - Beach,Bitez,,,201,,,,,,,,,,,75,,,,,
BOD171,4 reasons Hotel Yalikavak,Yalıkavak,,,194,,,,,,,,,,,75,,,,,
BOD133,Yahşi Beach Hotel & Restaurant,Ortakent-Yahşi,,,190,,,,,,,,,,,75,,,,,
BOD147,Omar Hotel & Suites,Torba,,,174,,,,,,,,,,,75,,,,,
BOD080,Myndos Oda & kahvalti,Gümüşlük,,,171,,,,,,,,,,,75,,,,,
BOD099,Villa Oliva Butik Otel,Gündoğan,,,168,,,,,,,,,,,75,,,,,
BOD159,Bodrum Ada Otel Turgutreis,Turgutreis,,,157,,,,,,,,,,,75,,,,,
BOD096,Olira Boutique Hotel&SPA,Gündoğan,,,149,,,,,,,,,,,75,,,,,
BOD146,Olivia Hotel,Torba,,,144,,,,,,,,,,,75,,,,,
BOD083,Oza butik hotel,Gümüşlük,,,143,,,,,,,,,,,75,,,,,
BOD054,Lavinya Maison,Göltürkbükü,,,139,,,,,,,,,,,75,,,,,
BOD001,Aksoy Taş Ev,Akyarlar,,,135,,,,,,,,,,,75,,,,,
BOD165,Caja by Maxx Royal,Türkbükü,,,135,,,,,,,,,,,75,,,,,
BOD027,Meis Apart Hotel,Bitez,,,134,,,,,,,,,,,75,,,,,
BOD134,Yakamoz Otel,Ortakent-Yahşi,,,133,,,,,,,,,,,75,,,,,
BOD055,Lavinya Otel Göltürkbükü,Göltürkbükü,,,132,,,,,,,,,,,75,,,,,
BOD121,Eskiyalı Otel,Ortakent-Yahşi,,,130,,,,,,,,,,,75,,,,,
BOD176,Blue Point Yalikavak,Yalıkavak,,,129,,,,,,,,,,,75,,,,,
BOD093,Malta Bodrum Hotel,Gündoğan,,,127,,,,,,,,,,,75,,,,,
BOD122,Florida Otel,Ortakent-Yahşi,,,127,,,,,,,,,,,75,,,,,
BOD190,The Sign Highlight Hotel,Yalıkavak,,,125,,,,,,,,,,,75,,,,,
BOD179,Lizbonia Otel Yalikavak,Yalıkavak,,,121,,,,,,,,,,,75,,,,,
BOD144,Mira Suites,Torba,,,117,,,,,,,,,,,75,,,,,
BOD135,Yılmaz Hotel | Bodrum Ortakent Otelleri,Ortakent-Yahşi,,,114,,,,,,,,,,,75,,,,,
BOD185,Sezz Hotels Spa Wellness Yalıkavak,Yalıkavak,,,114,,,,,,,,,,,75,,,,,
BOD123,Hotel Marma Beach,Ortakent-Yahşi,,,112,,,,,,,,,,,75,,,,,
BOD044,Noa Suite Hotel,Bodrum Merkez,,,98,,,,,,,,,,,75,,,,,
BOD118,Amfora Hotel,Ortakent-Yahşi,,,86,,,,,,,,,,,75,,,,,
BOD188,Tangiers Hotel Yalıkavak,Yalıkavak,,,85,,,,,,,,,,,75,,,,,
BOD025,Halikarya Hotel & Restaurant Beach,Bitez,,,79,,,,,,,,,,,75,,,,,
BOD097,OLİVE TREE HOTEL,Gündoğan,,,79,,,,,,,,,,,75,,,,,
BOD137,Armagan Apart Hotel,Torba,,,78,,,,,,,,,,,75,,,,,
BOD117,Altınkaya Hotel,Ortakent-Yahşi,,,77,,,,,,,,,,,75,,,,,
BOD029,Mumu Bodrum Hotel,Bitez,,,71,,,,,,,,,,,75,,,,,
BOD172,Ailla Yalıkavak,Yalıkavak,,,69,,,,,,,,,,,75,,,,,
BOD091,Gündoğan Suites,Gündoğan,,,67,,,,,,,,,,,75,,,,,
BOD119,"Bodrum Suites Apart Otel, Ortakent - Yahşi",Ortakent-Yahşi,,,62,,,,,,,,,,,75,,,,,
BOD149,Roota Bodrum,Torba,,,56,,,,,,,,,,,75,,,,,
BOD084,Paradise Garden Apartments,Gümüşlük,,,55,,,,,,,,,,,75,,,,,
BOD076,Gümüşlük No3,Gümüşlük,,,52,,,,,,,,,,,75,,,,,
BOD138,Bodrum Blue Bay Otel,Torba,,,51,,,,,,,,,,,75,,,,,
BOD015,The Ni Villas Akyarlar,Akyarlar,,,44,,,,,,,,,,,75,,,,,
BOD182,Root Redrock Villas Yalıkavak - Bodrum,Yalıkavak,,,41,,,,,,,,,,,75,,,,,
BOD085,Paradise Gümüşlük,Gümüşlük,,,37,,,,,,,,,,,75,,,,,
BOD074,Begonvil Gümüşlük,Gümüşlük,,,36,,,,,,,,,,,75,,,,,
BOD094,Marje Villas,Gündoğan,FOUND_EXACT_PLACE_ID,True,33,0,0,0,0,0,0,0,0,0,0,75,False,False,PUBLIC_REVIEW_PANEL_NOT_ACCESSIBLE,2026-08-25T15:50:13+00:00,2026-08-25T15:50:13+00:00
