hotel_id,place_id,hotel_name,area,source_url,detected_hotel_name,detected_address,mapping_status,name_similarity,page_accessible,review_panel_found,checked_at,mapping_note
BOD068,ChIJxRQCpKdtvhQRiZV1rLRDZSM,Selectum Colours Bodrum,Gümbet,https://www.google.com/maps/search/?api=1&query=Selectum%20Colours%20Bodrum&query_place_id=ChIJxRQCpKdtvhQRiZV1rLRDZSM,Selectum Colours Bodrum,"Gümbet, Adnan Menderes Cd. No:63, 48400 Bodrum/Muğla",FOUND_EXACT_PLACE_ID,1.0,True,False,2026-08-25T15:49:57+00:00,place_id-bound master URL and visible hotel name checked; public anonymous reviews tab not available
BOD103,ChIJZXT_SYldvhQRxJH8xVKHKd4,Green Bay Resort & Spa Bodrum,Güvercinlik,https://www.google.com/maps/search/?api=1&query=Green%20Bay%20Resort%20%26%20Spa%20Bodrum&query_place_id=ChIJZXT_SYldvhQRxJH8xVKHKd4,Green Bay Resort & Spa Bodrum,"Meşelik Mahallesi Kuyucak Mevkii, Meşelik Köyü-Bodrum/Milas Muğla TR, D:82, 48000",FOUND_EXACT_PLACE_ID,1.0,True,False,2026-08-25T15:49:49+00:00,place_id-bound master URL and visible hotel name checked; public anonymous reviews tab not available
BOD106,ChIJT9nSrGRdvhQRYfChRvaIDhs,La Blanche Island Bodrum,Güvercinlik,https://www.google.com/maps/search/?api=1&query=La%20Blanche%20Island%20Bodrum&query_place_id=ChIJT9nSrGRdvhQRYfChRvaIDhs,La Blanche Island Bodrum,"Meşelik Mah. Çomça Mevkii Sok. No:5, 48200, 48450 Bodrum/Muğla",FOUND_EXACT_PLACE_ID,1.0,True,False,2026-08-25T15:49:55+00:00,place_id-bound master URL and visible hotel name checked; public anonymous reviews tab not available
BOD012,ChIJtZF5TEBsvhQRedP6E6nR0YA,Selectum Collection Bodrum,Akyarlar,https://www.google.com/maps/search/?api=1&query=Selectum%20Collection%20Bodrum&query_place_id=ChIJtZF5TEBsvhQRedP6E6nR0YA,Selectum Collection Bodrum,"Bankev Cad. No:39, 48400 Bodrum/Muğla",FOUND_EXACT_PLACE_ID,1.0,True,False,2026-08-25T15:50:14+00:00,place_id-bound master URL and visible hotel name checked; public anonymous reviews tab not available
BOD160,ChIJeRT9o0wLvhQR1LNQwOWZ-KU,La Blanche Resort Bodrum,Turgutreis,https://www.google.com/maps/search/?api=1&query=La%20Blanche%20Resort%20Bodrum&query_place_id=ChIJeRT9o0wLvhQR1LNQwOWZ-KU,La Blanche Resort Bodrum,"Bahçelievler, Bahçelievler Cd. No:119, 48960 Bodrum/Muğla",FOUND_EXACT_PLACE_ID,1.0,True,False,2026-08-25T15:50:17+00:00,place_id-bound master URL and visible hotel name checked; public anonymous reviews tab not available
BOD115,ChIJLUJgUsZ0vhQROVv6DEemrZc,Yasmin Bodrum Resort,Kadıkalesi,https://www.google.com/maps/search/?api=1&query=Yasmin%20Bodrum%20Resort&query_place_id=ChIJLUJgUsZ0vhQROVv6DEemrZc,Yasmin Bodrum Resort,"Peksimet, Gümüşlük Cd., 48400 Bodrum/Muğla",FOUND_EXACT_PLACE_ID,1.0,True,False,2026-08-25T15:50:20+00:00,place_id-bound master URL and visible hotel name checked; public anonymous reviews tab not available
BOD141,ChIJByFeCANpvhQRgw0PtAH0ZpI,DUJA BODRUM,Torba,https://www.google.com/maps/search/?api=1&query=DUJA%20BODRUM&query_place_id=ChIJByFeCANpvhQRgw0PtAH0ZpI,,,,,,,,
BOD148,ChIJw3uAxEdivhQRM5fBSWSQ6Yc,Rixos Premium Bodrum,Torba,https://www.google.com/maps/search/?api=1&query=Rixos%20Premium%20Bodrum&query_place_id=ChIJw3uAxEdivhQRM5fBSWSQ6Yc,,,,,,,,
BOD110,ChIJoWHEonBdvhQRaTh2v6-YFFk,Titanic Luxury Collection Bodrum,Güvercinlik,https://www.google.com/maps/search/?api=1&query=Titanic%20Luxury%20Collection%20Bodrum&query_place_id=ChIJoWHEonBdvhQRaTh2v6-YFFk,,,,,,,,
BOD007,ChIJR3WEqUQMvhQRqL7yEhV49vg,Kefaluka Resort,Akyarlar,https://www.google.com/maps/search/?api=1&query=Kefaluka%20Resort&query_place_id=ChIJR3WEqUQMvhQRqL7yEhV49vg,,,,,,,,
BOD066,ChIJN0uCWq9tvhQRf5-KhqIJ2as,Royal Asarlik Beach Hotel & Spa,Gümbet,https://www.google.com/maps/search/?api=1&query=Royal%20Asarlik%20Beach%20Hotel%20%26%20Spa&query_place_id=ChIJN0uCWq9tvhQRf5-KhqIJ2as,,,,,,,,
BOD114,ChIJr5VYe7h0vhQRZfJ1v3Rowio,Sianji Well-Being Resort Thermal & Spa,Kadıkalesi,https://www.google.com/maps/search/?api=1&query=Sianji%20Well-Being%20Resort%20Thermal%20%26%20Spa&query_place_id=ChIJr5VYe7h0vhQRZfJ1v3Rowio,,,,,,,,
BOD011,ChIJFYY9bckNvhQRWD8gO42POcY,"Radisson Collection Hotel, Bodrum",Akyarlar,https://www.google.com/maps/search/?api=1&query=Radisson%20Collection%20Hotel%2C%20Bodrum&query_place_id=ChIJFYY9bckNvhQRWD8gO42POcY,,,,,,,,
BOD002,ChIJqWC7b3YMvhQRCR9qlsxFzmQ,Armonia Holiday Village & Spa,Akyarlar,https://www.google.com/maps/search/?api=1&query=Armonia%20Holiday%20Village%20%26%20Spa&query_place_id=ChIJqWC7b3YMvhQRCR9qlsxFzmQ,,,,,,,,
BOD108,ChIJq5-unXpdvhQRi6JrB9oJ4xI,Lujo Hotel Bodrum,Güvercinlik,https://www.google.com/maps/search/?api=1&query=Lujo%20Hotel%20Bodrum&query_place_id=ChIJq5-unXpdvhQRi6JrB9oJ4xI,,,,,,,,
BOD040,ChIJqeEj9m5svhQRjGIlBcbvQAk,Diamond of Bodrum Hotel,Bodrum Merkez,https://www.google.com/maps/search/?api=1&query=Diamond%20of%20Bodrum%20Hotel&query_place_id=ChIJqeEj9m5svhQRjGIlBcbvQAk,,,,,,,,
BOD161,ChIJtyzQYFF1vhQRe6igOmFD_b0,MyElla Hotel Resort & Spa,Turgutreis,https://www.google.com/maps/search/?api=1&query=MyElla%20Hotel%20Resort%20%26%20Spa&query_place_id=ChIJtyzQYFF1vhQRe6igOmFD_b0,,,,,,,,
BOD156,ChIJdzNmBu9pvhQRJf3tEZvJTAM,Voyage Torba,Torba,https://www.google.com/maps/search/?api=1&query=Voyage%20Torba&query_place_id=ChIJdzNmBu9pvhQRJf3tEZvJTAM,,,,,,,,
BOD056,ChIJAQAAQO5vvhQR0cqCHEaK7ic,"Mandarin Oriental, Bodrum",Göltürkbükü,https://www.google.com/maps/search/?api=1&query=Mandarin%20Oriental%2C%20Bodrum&query_place_id=ChIJAQAAQO5vvhQR0cqCHEaK7ic,,,,,,,,
BOD140,ChIJEZ7NeSBpvhQRW7TrqslFbhY,DoubleTree by Hilton Bodrum Işıl Club All-Inclusive Resort,Torba,https://www.google.com/maps/search/?api=1&query=DoubleTree%20by%20Hilton%20Bodrum%20I%C5%9F%C4%B1l%20Club%20All-Inclusive%20Resort&query_place_id=ChIJEZ7NeSBpvhQRW7TrqslFbhY,,,,,,,,
BOD130,ChIJ7xEvaZdyvhQRXeI5Mw_wKBM,Petunya Beach Resort,Ortakent-Yahşi,https://www.google.com/maps/search/?api=1&query=Petunya%20Beach%20Resort&query_place_id=ChIJ7xEvaZdyvhQRXeI5Mw_wKBM,,,,,,,,
BOD045,ChIJGUkl_VBsvhQRhaJGNtf2b_Q,Salmakis Resort & Spa,Bodrum Merkez,https://www.google.com/maps/search/?api=1&query=Salmakis%20Resort%20%26%20Spa&query_place_id=ChIJGUkl_VBsvhQRhaJGNtf2b_Q,,,,,,,,
BOD019,ChIJK3FMz59tvhQRPMvQAr1_6rk,Bitez Garden Life Hotel&Suites,Bitez,https://www.google.com/maps/search/?api=1&query=Bitez%20Garden%20Life%20Hotel%26Suites&query_place_id=ChIJK3FMz59tvhQRPMvQAr1_6rk,,,,,,,,
BOD150,ChIJ2ZaqTSRpvhQRVhR52L9gb7E,Samara Hotel,Torba,https://www.google.com/maps/search/?api=1&query=Samara%20Hotel&query_place_id=ChIJ2ZaqTSRpvhQRVhR52L9gb7E,,,,,,,,
BOD004,ChIJXUoh1okLvhQR-k-X9ouGc3c,Bendis Beach Hotel,Akyarlar,https://www.google.com/maps/search/?api=1&query=Bendis%20Beach%20Hotel&query_place_id=ChIJXUoh1okLvhQR-k-X9ouGc3c,,,,,,,,
BOD177,ChIJ06hnbDpxvhQRaVw-pnfuqb4,Delta Hotels By Marriott Bodrum,Yalıkavak,https://www.google.com/maps/search/?api=1&query=Delta%20Hotels%20By%20Marriott%20Bodrum&query_place_id=ChIJ06hnbDpxvhQRaVw-pnfuqb4,,,,,,,,
BOD063,ChIJNRIjqlRsvhQRGxrphNIqGwk,Jasmin Beach Hotel,Gümbet,https://www.google.com/maps/search/?api=1&query=Jasmin%20Beach%20Hotel&query_place_id=ChIJNRIjqlRsvhQRGxrphNIqGwk,,,,,,,,
BOD113,ChIJ5QHeO7h0vhQRW5f2t7UbNjY,Kadıkale Resort,Kadıkalesi,https://www.google.com/maps/search/?api=1&query=Kad%C4%B1kale%20Resort&query_place_id=ChIJ5QHeO7h0vhQRW5f2t7UbNjY,,,,,,,,
BOD067,ChIJmbdvxK1tvhQRx48Im613KJA,Sami Beach Hotel,Gümbet,https://www.google.com/maps/search/?api=1&query=Sami%20Beach%20Hotel&query_place_id=ChIJmbdvxK1tvhQRx48Im613KJA,,,,,,,,
BOD016,ChIJ_-zsV2kMvhQRgj8ZRcaPUXg,Xanadu Island,Akyarlar,https://www.google.com/maps/search/?api=1&query=Xanadu%20Island&query_place_id=ChIJ_-zsV2kMvhQRgj8ZRcaPUXg,,,,,,,,
BOD088,ChIJ5zcoSD9wvhQRD6Swln-iZ5Y,Baia Bodrum Hotel,Gündoğan,https://www.google.com/maps/search/?api=1&query=Baia%20Bodrum%20Hotel&query_place_id=ChIJ5zcoSD9wvhQRD6Swln-iZ5Y,,,,,,,,
BOD035,ChIJwW3ot1FsvhQR9l2PzmY0rzI,Azka Otel - Bardakçı Koyu,Bodrum Merkez,https://www.google.com/maps/search/?api=1&query=Azka%20Otel%20-%20Bardak%C3%A7%C4%B1%20Koyu&query_place_id=ChIJwW3ot1FsvhQR9l2PzmY0rzI,,,,,,,,
BOD065,ChIJk_7uUOZtvhQRslDfiDT6f6s,Mirada Exclusive Bodrum,Gümbet,https://www.google.com/maps/search/?api=1&query=Mirada%20Exclusive%20Bodrum&query_place_id=ChIJk_7uUOZtvhQRslDfiDT6f6s,,,,,,,,
BOD037,ChIJb6V7XlZsvhQRMLIIPP4BchI,Bodrum Bay Resort,Bodrum Merkez,https://www.google.com/maps/search/?api=1&query=Bodrum%20Bay%20Resort&query_place_id=ChIJb6V7XlZsvhQRMLIIPP4BchI,,,,,,,,
BOD041,ChIJg044KVZsvhQRr4Ud9rwcZYA,La Quinta by Wyndham Bodrum,Bodrum Merkez,https://www.google.com/maps/search/?api=1&query=La%20Quinta%20by%20Wyndham%20Bodrum&query_place_id=ChIJg044KVZsvhQRr4Ud9rwcZYA,,,,,,,,
BOD158,ChIJRzd_y8ALvhQRv5VZVOHqljU,Arin Resort Bodrum,Turgutreis,https://www.google.com/maps/search/?api=1&query=Arin%20Resort%20Bodrum&query_place_id=ChIJRzd_y8ALvhQRv5VZVOHqljU,,,,,,,,
BOD058,ChIJxxkyuVJsvhQR6fKf-R5FXrc,Bodrum Beach Resort,Gümbet,https://www.google.com/maps/search/?api=1&query=Bodrum%20Beach%20Resort&query_place_id=ChIJxxkyuVJsvhQR6fKf-R5FXrc,,,,,,,,
BOD072,ChIJkXZdS0BsvhQR2B_lTbvKswM,VERY CHIC BODRUM,Gümbet,https://www.google.com/maps/search/?api=1&query=VERY%20CHIC%20BODRUM&query_place_id=ChIJkXZdS0BsvhQR2B_lTbvKswM,,,,,,,,
BOD013,ChIJgRdtyF8MvhQRcyrv7KcB-qA,"Sentido Bellazure - Akyarlar, Bodrum / Turkey",Akyarlar,https://www.google.com/maps/search/?api=1&query=Sentido%20Bellazure%20-%20Akyarlar%2C%20Bodrum%20/%20Turkey&query_place_id=ChIJgRdtyF8MvhQRcyrv7KcB-qA,,,,,,,,
BOD042,ChIJPxuR8hFsvhQRlxMn8dN2TlI,Mandarin Resort Hotel,Bodrum Merkez,https://www.google.com/maps/search/?api=1&query=Mandarin%20Resort%20Hotel&query_place_id=ChIJPxuR8hFsvhQRlxMn8dN2TlI,,,,,,,,
BOD164,ChIJ26veg4ILvhQR1JYSvVp6xwM,Swissôtel Resort Bodrum Sahili,Turgutreis,https://www.google.com/maps/search/?api=1&query=Swiss%C3%B4tel%20Resort%20Bodrum%20Sahili&query_place_id=ChIJ26veg4ILvhQR1JYSvVp6xwM,,,,,,,,
BOD043,ChIJqVpIA2JtvhQRHEuqj5n7bz8,METT Hotel & Beach Resort Bodrum,Bodrum Merkez,https://www.google.com/maps/search/?api=1&query=METT%20Hotel%20%26%20Beach%20Resort%20Bodrum&query_place_id=ChIJqVpIA2JtvhQRHEuqj5n7bz8,,,,,,,,
BOD125,ChIJN39o0JVyvhQRrcJWBvaq1QY,Kefi Beach Bodrum,Ortakent-Yahşi,https://www.google.com/maps/search/?api=1&query=Kefi%20Beach%20Bodrum&query_place_id=ChIJN39o0JVyvhQRrcJWBvaq1QY,,,,,,,,
BOD061,ChIJi1RysUtsvhQReySSwLnKb6U,Gümbet Anıl Beach,Gümbet,https://www.google.com/maps/search/?api=1&query=G%C3%BCmbet%20An%C4%B1l%20Beach&query_place_id=ChIJi1RysUtsvhQReySSwLnKb6U,,,,,,,,
BOD006,ChIJ8ShlrJkNvhQR0AEjC-bO7mY,Club Marma Hotel,Akyarlar,https://www.google.com/maps/search/?api=1&query=Club%20Marma%20Hotel&query_place_id=ChIJ8ShlrJkNvhQR0AEjC-bO7mY,,,,,,,,
BOD089,ChIJbVCWxj9wvhQRHejA2QkcIgM,Cape Bodrum Luxury Hotel & Beach,Gündoğan,https://www.google.com/maps/search/?api=1&query=Cape%20Bodrum%20Luxury%20Hotel%20%26%20Beach&query_place_id=ChIJbVCWxj9wvhQRHejA2QkcIgM,,,,,,,,
BOD163,ChIJ5VcB4U0LvhQROU2PptPl_WE,Sundance Resort,Turgutreis,https://www.google.com/maps/search/?api=1&query=Sundance%20Resort&query_place_id=ChIJ5VcB4U0LvhQROU2PptPl_WE,,,,,,,,
BOD017,ChIJf4088JVyvhQRxeHFgoSXn4s,Ambrosia Otel Beach & Spa,Bitez,https://www.google.com/maps/search/?api=1&query=Ambrosia%20Otel%20Beach%20%26%20Spa&query_place_id=ChIJf4088JVyvhQRxeHFgoSXn4s,,,,,,,,
BOD104,ChIJI59jNQxdvhQR6UAwxjuwZEI,Greenport Bodrum,Güvercinlik,https://www.google.com/maps/search/?api=1&query=Greenport%20Bodrum&query_place_id=ChIJI59jNQxdvhQR6UAwxjuwZEI,Greenport Bodrum,"Güvercinlik, Güvercinlik Blv no:90/1, 48450 Bodrum/Muğla",FOUND_EXACT_PLACE_ID,1.0,True,False,2026-08-25T15:50:00+00:00,place_id-bound master URL and visible hotel name checked; public anonymous reviews tab not available
BOD169,ChIJybTpQuxvvhQRvHMQvLA1YMk,MACAKIZI BODRUM,Türkbükü,https://www.google.com/maps/search/?api=1&query=MACAKIZI%20BODRUM&query_place_id=ChIJybTpQuxvvhQRvHMQvLA1YMk,,,,,,,,
BOD070,ChIJHcO2oKhtvhQR0DTiondx6MU,The Luvi Hotel,Gümbet,https://www.google.com/maps/search/?api=1&query=The%20Luvi%20Hotel&query_place_id=ChIJHcO2oKhtvhQR0DTiondx6MU,,,,,,,,
BOD032,ChIJ6Wqm-Z9tvhQRpt55tZ1NK5c,Paloma Family Club Bitez,Bitez,https://www.google.com/maps/search/?api=1&query=Paloma%20Family%20Club%20Bitez&query_place_id=ChIJ6Wqm-Z9tvhQRpt55tZ1NK5c,,,,,,,,
BOD060,ChIJjfpFULBtvhQRmWBxrJ_BUrk,Club Shark Hotel,Gümbet,https://www.google.com/maps/search/?api=1&query=Club%20Shark%20Hotel&query_place_id=ChIJjfpFULBtvhQRmWBxrJ_BUrk,,,,,,,,
BOD036,ChIJGdWqDm5svhQRoL1G8LyU33U,Bodrium Hotel & SPA,Bodrum Merkez,https://www.google.com/maps/search/?api=1&query=Bodrium%20Hotel%20%26%20SPA&query_place_id=ChIJGdWqDm5svhQRoL1G8LyU33U,,,,,,,,
BOD046,ChIJLcWrMBdtvhQRNeCOGk70ZYE,Senses Hotel,Bodrum Merkez,https://www.google.com/maps/search/?api=1&query=Senses%20Hotel&query_place_id=ChIJLcWrMBdtvhQRNeCOGk70ZYE,,,,,,,,
BOD189,ChIJzZ-AXwhxvhQRIcUswS4ooeI,The Bodrum EDITION,Yalıkavak,https://www.google.com/maps/search/?api=1&query=The%20Bodrum%20EDITION&query_place_id=ChIJzZ-AXwhxvhQRIcUswS4ooeI,,,,,,,,
BOD047,ChIJB_Y3_BBsvhQRK4aYUqtoLGI,The Marmara Bodrum,Bodrum Merkez,https://www.google.com/maps/search/?api=1&query=The%20Marmara%20Bodrum&query_place_id=ChIJB_Y3_BBsvhQRK4aYUqtoLGI,,,,,,,,
BOD168,ChIJIzcNzrdvvhQRubhhrYtOPbo,Kuum Hotel & SPA Bodrum,Türkbükü,https://www.google.com/maps/search/?api=1&query=Kuum%20Hotel%20%26%20SPA%20Bodrum&query_place_id=ChIJIzcNzrdvvhQRubhhrYtOPbo,,,,,,,,
BOD030,ChIJZat9EHVtvhQR_YVjYQPaSPY,Natur Garden Hotel Bitez Bodrum,Bitez,https://www.google.com/maps/search/?api=1&query=Natur%20Garden%20Hotel%20Bitez%20Bodrum&query_place_id=ChIJZat9EHVtvhQR_YVjYQPaSPY,,,,,,,,
BOD020,ChIJybxupHVtvhQRKBpK_CDad1Q,Bitez Risa Hotel,Bitez,https://www.google.com/maps/search/?api=1&query=Bitez%20Risa%20Hotel&query_place_id=ChIJybxupHVtvhQRKBpK_CDad1Q,,,,,,,,
BOD021,ChIJf3a3w55tvhQR0pFtmdOTw2Q,"Caresse, a Luxury Collection Resort & Spa, Bodrum",Bitez,https://www.google.com/maps/search/?api=1&query=Caresse%2C%20a%20Luxury%20Collection%20Resort%20%26%20Spa%2C%20Bodrum&query_place_id=ChIJf3a3w55tvhQR0pFtmdOTw2Q,,,,,,,,
BOD152,ChIJr-wURTNpvhQRgfqUtlooL3o,"Susona Bodrum, LXR Hotels & Resorts",Torba,https://www.google.com/maps/search/?api=1&query=Susona%20Bodrum%2C%20LXR%20Hotels%20%26%20Resorts&query_place_id=ChIJr-wURTNpvhQRgfqUtlooL3o,,,,,,,,
BOD026,ChIJARY9WHRtvhQRelTaH2laRj0,Manuela Otel Bitez,Bitez,https://www.google.com/maps/search/?api=1&query=Manuela%20Otel%20Bitez&query_place_id=ChIJARY9WHRtvhQRelTaH2laRj0,,,,,,,,
BOD033,ChIJoSspwEFsvhQRf9PM8XwZzmc,Ramada Resort by Wyndham Bodrum,Bitez,https://www.google.com/maps/search/?api=1&query=Ramada%20Resort%20by%20Wyndham%20Bodrum&query_place_id=ChIJoSspwEFsvhQRf9PM8XwZzmc,,,,,,,,
BOD107,ChIJUcYp3yhnvhQRjQlF4F9hnUU,Le Méridien Bodrum Beach Resort,Güvercinlik,https://www.google.com/maps/search/?api=1&query=Le%20M%C3%A9ridien%20Bodrum%20Beach%20Resort&query_place_id=ChIJUcYp3yhnvhQRjQlF4F9hnUU,,,,,,,,
BOD109,ChIJdYbrTSRdvhQRh7vm5iS1GZU,Oscar Seaside Hotel & Spa,Güvercinlik,https://www.google.com/maps/search/?api=1&query=Oscar%20Seaside%20Hotel%20%26%20Spa&query_place_id=ChIJdYbrTSRdvhQRh7vm5iS1GZU,,,,,,,,
BOD023,ChIJi1RysUtsvhQR-Vso6pE_bpE,Doria Hotel Bodrum,Bitez,https://www.google.com/maps/search/?api=1&query=Doria%20Hotel%20Bodrum&query_place_id=ChIJi1RysUtsvhQR-Vso6pE_bpE,,,,,,,,
BOD052,ChIJLbUXL7pvvhQRHM5GVHR2Rg0,Flamm Bodrum,Göltürkbükü,https://www.google.com/maps/search/?api=1&query=Flamm%20Bodrum&query_place_id=ChIJLbUXL7pvvhQRHM5GVHR2Rg0,,,,,,,,
BOD166,ChIJs8PYiA9pvhQRk_cQYHnH5Us,Divan Bodrum,Türkbükü,https://www.google.com/maps/search/?api=1&query=Divan%20Bodrum&query_place_id=ChIJs8PYiA9pvhQRk_cQYHnH5Us,,,,,,,,
BOD132,ChIJmZx5TEBsvhQROxPKGjWkMWw,Viras Hotel & Beach,Ortakent-Yahşi,https://www.google.com/maps/search/?api=1&query=Viras%20Hotel%20%26%20Beach&query_place_id=ChIJmZx5TEBsvhQROxPKGjWkMWw,,,,,,,,
BOD014,ChIJXzre1TQNvhQR-TaHvRN7lT4,Suum Bodrum Hotel & Beach,Akyarlar,https://www.google.com/maps/search/?api=1&query=Suum%20Bodrum%20Hotel%20%26%20Beach&query_place_id=ChIJXzre1TQNvhQR-TaHvRN7lT4,,,,,,,,
BOD128,ChIJj7BWRJdyvhQR4Mm_-tWZXN4,Lugga Boutique Hotel & Beach,Ortakent-Yahşi,https://www.google.com/maps/search/?api=1&query=Lugga%20Boutique%20Hotel%20%26%20Beach&query_place_id=ChIJj7BWRJdyvhQR4Mm_-tWZXN4,,,,,,,,
BOD090,ChIJi3_p9zhwvhQRGBCSxo0tZ34,Costa Farilya Special Class Hotel Bodrum,Gündoğan,https://www.google.com/maps/search/?api=1&query=Costa%20Farilya%20Special%20Class%20Hotel%20Bodrum&query_place_id=ChIJi3_p9zhwvhQRGBCSxo0tZ34,,,,,,,,
BOD186,ChIJ18lqtxJ0vhQRqcNO73L6RPs,Sirene Luxury Hotel Bodrum,Yalıkavak,https://www.google.com/maps/search/?api=1&query=Sirene%20Luxury%20Hotel%20Bodrum&query_place_id=ChIJ18lqtxJ0vhQRqcNO73L6RPs,,,,,,,,
BOD180,ChIJ6d0IfpdxvhQR0QaNuaLErhA,MGallery The Bodrum Hotel Yalıkavak,Yalıkavak,https://www.google.com/maps/search/?api=1&query=MGallery%20The%20Bodrum%20Hotel%20Yal%C4%B1kavak&query_place_id=ChIJ6d0IfpdxvhQR0QaNuaLErhA,,,,,,,,
BOD151,ChIJEW5x_uZovhQRHzOfnTJr5NE,Sarpedor Boutique Hotel & SPA,Torba,https://www.google.com/maps/search/?api=1&query=Sarpedor%20Boutique%20Hotel%20%26%20SPA&query_place_id=ChIJEW5x_uZovhQRHzOfnTJr5NE,,,,,,,,
BOD192,ChIJSQqN3GlxvhQRvBpAaSr4tEo,Yalıpark Beach Hotel,Yalıkavak,https://www.google.com/maps/search/?api=1&query=Yal%C4%B1park%20Beach%20Hotel&query_place_id=ChIJSQqN3GlxvhQRvBpAaSr4tEo,,,,,,,,
BOD131,ChIJtQfd4BRzvhQRrZlYgS1RXww,Regia Mare Beach Hotel Bodrum,Ortakent-Yahşi,https://www.google.com/maps/search/?api=1&query=Regia%20Mare%20Beach%20Hotel%20Bodrum&query_place_id=ChIJtQfd4BRzvhQRrZlYgS1RXww,,,,,,,,
BOD162,ChIJ8wH_8aALvhQRFJB5ItnnBjM,Rammos Managed by Dedeman,Turgutreis,https://www.google.com/maps/search/?api=1&query=Rammos%20Managed%20by%20Dedeman&query_place_id=ChIJ8wH_8aALvhQRFJB5ItnnBjM,,,,,,,,
BOD087,ChIJGcaQbud1vhQRPsL_-lbJVmY,Wanderheaven Camping & Tiny House Bodrum,Gümüşlük,https://www.google.com/maps/search/?api=1&query=Wanderheaven%20Camping%20%26%20Tiny%20House%20Bodrum&query_place_id=ChIJGcaQbud1vhQRPsL_-lbJVmY,,,,,,,,
BOD095,ChIJI4lKTR9wvhQRxyiXIaGKQV4,Mivara Luxury Bodrum,Gündoğan,https://www.google.com/maps/search/?api=1&query=Mivara%20Luxury%20Bodrum&query_place_id=ChIJI4lKTR9wvhQRxyiXIaGKQV4,,,,,,,,
BOD153,ChIJh70QKnFpvhQRwAvW_pctIFM,The Oba Hotel,Torba,https://www.google.com/maps/search/?api=1&query=The%20Oba%20Hotel&query_place_id=ChIJh70QKnFpvhQRwAvW_pctIFM,,,,,,,,
BOD064,ChIJAQ-IIVNsvhQRAQriNOcd5wA,Jasmin Elite Residence & Spa,Gümbet,https://www.google.com/maps/search/?api=1&query=Jasmin%20Elite%20Residence%20%26%20Spa&query_place_id=ChIJAQ-IIVNsvhQRAQriNOcd5wA,,,,,,,,
BOD050,ChIJoZNUrrlvvhQRtKmU1DNfnzk,Daphnis Hotel Gölköy,Göltürkbükü,https://www.google.com/maps/search/?api=1&query=Daphnis%20Hotel%20G%C3%B6lk%C3%B6y&query_place_id=ChIJoZNUrrlvvhQRtKmU1DNfnzk,,,,,,,,
BOD057,ChIJD7WKCLtvvhQRwXRKD3S2iQw,Selvi Bodrum,Göltürkbükü,https://www.google.com/maps/search/?api=1&query=Selvi%20Bodrum&query_place_id=ChIJD7WKCLtvvhQRwXRKD3S2iQw,,,,,,,,
BOD112,ChIJub2Eesh1vhQRbe44B-Hl_VY,Azure By Yelken Hotel,Kadıkalesi,https://www.google.com/maps/search/?api=1&query=Azure%20By%20Yelken%20Hotel&query_place_id=ChIJub2Eesh1vhQRbe44B-Hl_VY,,,,,,,,
BOD157,ChIJDU1Xay1pvhQRIqEA-RSZU-Y,Voyage Torba Private,Torba,https://www.google.com/maps/search/?api=1&query=Voyage%20Torba%20Private&query_place_id=ChIJDU1Xay1pvhQRIqEA-RSZU-Y,,,,,,,,
BOD009,ChIJAYOGrEwNvhQRJyQb3JRrwh4,LİV OTEL,Akyarlar,https://www.google.com/maps/search/?api=1&query=L%C4%B0V%20OTEL&query_place_id=ChIJAYOGrEwNvhQRJyQb3JRrwh4,,,,,,,,
BOD173,ChIJd1cFeFVxvhQRtZewAJ8VspU,Allium Bodrum Resort & Spa,Yalıkavak,https://www.google.com/maps/search/?api=1&query=Allium%20Bodrum%20Resort%20%26%20Spa&query_place_id=ChIJd1cFeFVxvhQRtZewAJ8VspU,,,,,,,,
BOD069,ChIJR_ba3VJsvhQRapanF-L0dwo,Siesta Beach Apart,Gümbet,https://www.google.com/maps/search/?api=1&query=Siesta%20Beach%20Apart&query_place_id=ChIJR_ba3VJsvhQRapanF-L0dwo,,,,,,,,
BOD142,ChIJIeqJV9NuvhQRXxPW2X0FhM0,Hotel Torbahan,Torba,https://www.google.com/maps/search/?api=1&query=Hotel%20Torbahan&query_place_id=ChIJIeqJV9NuvhQRXxPW2X0FhM0,,,,,,,,
BOD127,ChIJfyV0XJtyvhQRU-vFpM2VC0c,Kriss Hotel,Ortakent-Yahşi,https://www.google.com/maps/search/?api=1&query=Kriss%20Hotel&query_place_id=ChIJfyV0XJtyvhQRU-vFpM2VC0c,,,,,,,,
BOD075,ChIJiV_oOwsNvhQRUZiyhoOACos,Benjamin Otel,Gümüşlük,https://www.google.com/maps/search/?api=1&query=Benjamin%20Otel&query_place_id=ChIJiV_oOwsNvhQRUZiyhoOACos,,,,,,,,
BOD086,ChIJcYplw0R0vhQRzWpJ3M601Qw,Vega Aparts,Gümüşlük,https://www.google.com/maps/search/?api=1&query=Vega%20Aparts&query_place_id=ChIJcYplw0R0vhQRzWpJ3M601Qw,,,,,,,,
BOD031,ChIJWeStgXZtvhQRGNA-9SWD1xk,Okaliptus Otel,Bitez,https://www.google.com/maps/search/?api=1&query=Okaliptus%20Otel&query_place_id=ChIJWeStgXZtvhQRGNA-9SWD1xk,,,,,,,,
BOD136,ChIJC5xB5JVyvhQRuZ27AXQ8wcw,Zest Exclusive Hotel and Spa,Ortakent-Yahşi,https://www.google.com/maps/search/?api=1&query=Zest%20Exclusive%20Hotel%20and%20Spa&query_place_id=ChIJC5xB5JVyvhQRuZ27AXQ8wcw,,,,,,,,
BOD059,ChIJ34m31a1tvhQRlMV0_URSSzE,Bodrum Hotel Baba,Gümbet,https://www.google.com/maps/search/?api=1&query=Bodrum%20Hotel%20Baba&query_place_id=ChIJ34m31a1tvhQRlMV0_URSSzE,Bodrum Hotel Baba,"Gümbet, Ayaz Cd. No:8, 48400 Bodrum/Muğla",FOUND_EXACT_PLACE_ID,1.0,True,False,2026-08-25T15:50:03+00:00,place_id-bound master URL and visible hotel name checked; public anonymous reviews tab not available
BOD183,ChIJbdbMkDNxvhQRjkHyqghCIqY,Ruins Luxury Resort,Yalıkavak,https://www.google.com/maps/search/?api=1&query=Ruins%20Luxury%20Resort&query_place_id=ChIJbdbMkDNxvhQRjkHyqghCIqY,,,,,,,,
BOD126,ChIJTx1GrvFzvhQRDTWukhLfCZE,Khai Hotel Bodrum,Ortakent-Yahşi,https://www.google.com/maps/search/?api=1&query=Khai%20Hotel%20Bodrum&query_place_id=ChIJTx1GrvFzvhQRDTWukhLfCZE,,,,,,,,
BOD082,ChIJ7yRkgO50vhQRDbRpk5bhV2w,Otel Gümüşlük,Gümüşlük,https://www.google.com/maps/search/?api=1&query=Otel%20G%C3%BCm%C3%BC%C5%9Fl%C3%BCk&query_place_id=ChIJ7yRkgO50vhQRDbRpk5bhV2w,,,,,,,,
BOD175,ChIJTwRQXTpxvhQRdZVQJKp8Qdk,Avantgarde Refined Hotel | Yalıkavak,Yalıkavak,https://www.google.com/maps/search/?api=1&query=Avantgarde%20Refined%20Hotel%20%7C%20Yal%C4%B1kavak&query_place_id=ChIJTwRQXTpxvhQRdZVQJKp8Qdk,,,,,,,,
BOD008,ChIJr_h97zMNvhQRusMJ4yJ25-0,LA BREZZA SUITE &HOTEL,Akyarlar,https://www.google.com/maps/search/?api=1&query=LA%20BREZZA%20SUITE%20%26HOTEL&query_place_id=ChIJr_h97zMNvhQRusMJ4yJ25-0,,,,,,,,
BOD078,ChIJCdIJiPt1vhQRS3-Kn7JaEoU,Liman Hotel Gümüslük (Adult only),Gümüşlük,https://www.google.com/maps/search/?api=1&query=Liman%20Hotel%20G%C3%BCm%C3%BCsl%C3%BCk%20%28Adult%20only%29&query_place_id=ChIJCdIJiPt1vhQRS3-Kn7JaEoU,,,,,,,,
BOD178,ChIJPwvM3GlxvhQRLEm2Q6AICZ8,Highlight Hotel Yalıkavak,Yalıkavak,https://www.google.com/maps/search/?api=1&query=Highlight%20Hotel%20Yal%C4%B1kavak&query_place_id=ChIJPwvM3GlxvhQRLEm2Q6AICZ8,,,,,,,,
BOD077,ChIJBYunbel0vhQRb4Nuj9bewJs,Ladonia Hotels Zemda,Gümüşlük,https://www.google.com/maps/search/?api=1&query=Ladonia%20Hotels%20Zemda&query_place_id=ChIJBYunbel0vhQRb4Nuj9bewJs,,,,,,,,
BOD051,ChIJY-RkJbhvvhQRw99m7CRb_w0,Faros Bodrum Hotel Göltürkbükü,Göltürkbükü,https://www.google.com/maps/search/?api=1&query=Faros%20Bodrum%20Hotel%20G%C3%B6lt%C3%BCrkb%C3%BCk%C3%BC&query_place_id=ChIJY-RkJbhvvhQRw99m7CRb_w0,,,,,,,,
BOD111,ChIJy_LJKW1dvhQRtFcx8ZCGnnQ,Zena Hotel Bodrum,Güvercinlik,https://www.google.com/maps/search/?api=1&query=Zena%20Hotel%20Bodrum&query_place_id=ChIJy_LJKW1dvhQRtFcx8ZCGnnQ,,,,,,,,
BOD143,ChIJtZF5TEBsvhQRmSsj7oOcaw0,Hotel Zeytinada,Torba,https://www.google.com/maps/search/?api=1&query=Hotel%20Zeytinada&query_place_id=ChIJtZF5TEBsvhQRmSsj7oOcaw0,,,,,,,,
BOD098,ChIJJXCTVxFxvhQRlBlKghcLQDU,Swissôtel Living Bodrum,Gündoğan,https://www.google.com/maps/search/?api=1&query=Swiss%C3%B4tel%20Living%20Bodrum&query_place_id=ChIJJXCTVxFxvhQRlBlKghcLQDU,,,,,,,,
BOD145,ChIJewkVGuJpvhQR2q09rgvXPP8,Moyo Luxury Hotel & Beach,Torba,https://www.google.com/maps/search/?api=1&query=Moyo%20Luxury%20Hotel%20%26%20Beach&query_place_id=ChIJewkVGuJpvhQR2q09rgvXPP8,,,,,,,,
BOD101,ChIJ6djpOztwvhQRnTFvrQBXdA0,Vita Bella Hotel Resort & Spa,Gündoğan,https://www.google.com/maps/search/?api=1&query=Vita%20Bella%20Hotel%20Resort%20%26%20Spa&query_place_id=ChIJ6djpOztwvhQRnTFvrQBXdA0,,,,,,,,
BOD079,ChIJTyhOR-10vhQRugeKxp4chBc,Metin's Gümüşlük - Hotel & Restaurant,Gümüşlük,https://www.google.com/maps/search/?api=1&query=Metin%27s%20G%C3%BCm%C3%BC%C5%9Fl%C3%BCk%20-%20Hotel%20%26%20Restaurant&query_place_id=ChIJTyhOR-10vhQRugeKxp4chBc,,,,,,,,
BOD116,ChIJJVhOE4ZzvhQREUR7QEp_nys,Acropol Of Bodrum Beach Hotel - Restaurant,Ortakent-Yahşi,https://www.google.com/maps/search/?api=1&query=Acropol%20Of%20Bodrum%20Beach%20Hotel%20-%20Restaurant&query_place_id=ChIJJVhOE4ZzvhQREUR7QEp_nys,,,,,,,,
BOD102,ChIJS-u3SmldvhQRlZlRpyZUPiM,Akyalı Butik Hotel,Güvercinlik,https://www.google.com/maps/search/?api=1&query=Akyal%C4%B1%20Butik%20Hotel&query_place_id=ChIJS-u3SmldvhQRlZlRpyZUPiM,,,,,,,,
BOD187,ChIJi8QGvFtxvhQRzIMdOTRZIBE,Spektr Boutique Hotel Yalikavak,Yalıkavak,https://www.google.com/maps/search/?api=1&query=Spektr%20Boutique%20Hotel%20Yalikavak&query_place_id=ChIJi8QGvFtxvhQRzIMdOTRZIBE,,,,,,,,
BOD170,ChIJg_pNr-5vvhQR518b5F4UXf4,No:81 Hotel,Türkbükü,https://www.google.com/maps/search/?api=1&query=No%3A81%20Hotel&query_place_id=ChIJg_pNr-5vvhQR518b5F4UXf4,,,,,,,,
BOD139,ChIJR7xoeS5pvhQR1dXknYNVKYI,Casa Dell'arte Otel,Torba,https://www.google.com/maps/search/?api=1&query=Casa%20Dell%27arte%20Otel&query_place_id=ChIJR7xoeS5pvhQR1dXknYNVKYI,,,,,,,,
BOD155,ChIJRVqhF3tpvhQR1wP9bevL2YA,Trend Life | Trendlife Hotels & Beach Club Bodrum Torba,Torba,https://www.google.com/maps/search/?api=1&query=Trend%20Life%20%7C%20Trendlife%20Hotels%20%26%20Beach%20Club%20Bodrum%20Torba&query_place_id=ChIJRVqhF3tpvhQR1wP9bevL2YA,,,,,,,,
BOD024,ChIJQWFo13ltvhQRYJmZ52TPPjE,HAKAN OTEL,Bitez,https://www.google.com/maps/search/?api=1&query=HAKAN%20OTEL&query_place_id=ChIJQWFo13ltvhQRYJmZ52TPPjE,,,,,,,,
BOD092,ChIJy6bJFhVvhQRM5gSLrr4xCM,Liona Hotel,Gündoğan,https://www.google.com/maps/search/?api=1&query=Liona%20Hotel&query_place_id=ChIJy6bJFhVvhQRM5gSLrr4xCM,,,,,,,,
BOD174,ChIJ64c8B-1xvhQRa88T93yeRZQ,Arts Hotel Bodrum Yalıkavak,Yalıkavak,https://www.google.com/maps/search/?api=1&query=Arts%20Hotel%20Bodrum%20Yal%C4%B1kavak&query_place_id=ChIJ64c8B-1xvhQRa88T93yeRZQ,,,,,,,,
BOD184,ChIJ_Vp9tWtxvhQRBTTaNx7WlDI,Sea Palm Otel -YALIKAVAK,Yalıkavak,https://www.google.com/maps/search/?api=1&query=Sea%20Palm%20Otel%20-YALIKAVAK&query_place_id=ChIJ_Vp9tWtxvhQRBTTaNx7WlDI,,,,,,,,
BOD010,ChIJiRcDgfYMvhQR49TV5eXv2-Y,Mare Garden Hotel,Akyarlar,https://www.google.com/maps/search/?api=1&query=Mare%20Garden%20Hotel&query_place_id=ChIJiRcDgfYMvhQR49TV5eXv2-Y,,,,,,,,
BOD071,ChIJy0Z7TattvhQRtyODGrWwzok,Tropicana Beach Hotel,Gümbet,https://www.google.com/maps/search/?api=1&query=Tropicana%20Beach%20Hotel&query_place_id=ChIJy0Z7TattvhQRtyODGrWwzok,,,,,,,,
BOD081,ChIJTycZePt1vhQRg_c7eAH5CT4,Oda Bodrum Gümüşlük,Gümüşlük,https://www.google.com/maps/search/?api=1&query=Oda%20Bodrum%20G%C3%BCm%C3%BC%C5%9Fl%C3%BCk&query_place_id=ChIJTycZePt1vhQRg_c7eAH5CT4,,,,,,,,
BOD038,ChIJz-flR21svhQR6aYNONMx9Q4,Casa Mare Bodrum,Bodrum Merkez,https://www.google.com/maps/search/?api=1&query=Casa%20Mare%20Bodrum&query_place_id=ChIJz-flR21svhQR6aYNONMx9Q4,,,,,,,,
BOD028,ChIJJX6Kg1JtvhQRJQdHx88BYVk,Mira Beach Resort Bodrum,Bitez,https://www.google.com/maps/search/?api=1&query=Mira%20Beach%20Resort%20Bodrum&query_place_id=ChIJJX6Kg1JtvhQRJQdHx88BYVk,,,,,,,,
BOD191,ChIJ7QtqF35xvhQRhO2gdmiBD64,Yalıkavak Marina Hotel by METT Collection,Yalıkavak,https://www.google.com/maps/search/?api=1&query=Yal%C4%B1kavak%20Marina%20Hotel%20by%20METT%20Collection&query_place_id=ChIJ7QtqF35xvhQRhO2gdmiBD64,,,,,,,,
BOD049,ChIJUbH2xLlvvhQRCVaq4tttTgY,Casa Del Mar Bodrum,Göltürkbükü,https://www.google.com/maps/search/?api=1&query=Casa%20Del%20Mar%20Bodrum&query_place_id=ChIJUbH2xLlvvhQRCVaq4tttTgY,,,,,,,,
BOD124,ChIJFXTXHOtzvhQRYFnE9kPoz2c,Irmak Boutique Hotel,Ortakent-Yahşi,https://www.google.com/maps/search/?api=1&query=Irmak%20Boutique%20Hotel&query_place_id=ChIJFXTXHOtzvhQRYFnE9kPoz2c,,,,,,,,
BOD129,ChIJf4088JVyvhQRBpNshFH43hU,Meggs Bodrum,Ortakent-Yahşi,https://www.google.com/maps/search/?api=1&query=Meggs%20Bodrum&query_place_id=ChIJf4088JVyvhQRBpNshFH43hU,,,,,,,,
BOD181,ChIJs9GI1vhwvhQRSJ8c9Yq49ko,Palmalife Bodrum Resort & Spa,Yalıkavak,https://www.google.com/maps/search/?api=1&query=Palmalife%20Bodrum%20Resort%20%26%20Spa&query_place_id=ChIJs9GI1vhwvhQRSJ8c9Yq49ko,,,,,,,,
BOD120,ChIJUXgdaGdzvhQRpglnXqNVesw,Celeste Bella Luxury Hotel & Spa,Ortakent-Yahşi,https://www.google.com/maps/search/?api=1&query=Celeste%20Bella%20Luxury%20Hotel%20%26%20Spa&query_place_id=ChIJUXgdaGdzvhQRpglnXqNVesw,,,,,,,,
BOD003,ChIJS8TbUlYNvhQR_fh-bq0pJDg,ASPAT HOTEL BODRUM Beach Restaurant,Akyarlar,https://www.google.com/maps/search/?api=1&query=ASPAT%20HOTEL%20BODRUM%20Beach%20Restaurant&query_place_id=ChIJS8TbUlYNvhQR_fh-bq0pJDg,,,,,,,,
BOD100,ChIJw-cVHDpwvhQRjnvlNDgFTK8,Villa Rustica Hotel,Gündoğan,https://www.google.com/maps/search/?api=1&query=Villa%20Rustica%20Hotel&query_place_id=ChIJw-cVHDpwvhQRjnvlNDgFTK8,,,,,,,,
BOD039,ChIJyVnm4XtrvhQRWSj607ouwhs,Casa Nonna Bodrum,Bodrum Merkez,https://www.google.com/maps/search/?api=1&query=Casa%20Nonna%20Bodrum&query_place_id=ChIJyVnm4XtrvhQRWSj607ouwhs,,,,,,,,
BOD154,ChIJSZHy9k1tvhQR4Le2DDojzzg,Toka Bodrum Hotel & Beach Club,Torba,https://www.google.com/maps/search/?api=1&query=Toka%20Bodrum%20Hotel%20%26%20Beach%20Club&query_place_id=ChIJSZHy9k1tvhQR4Le2DDojzzg,,,,,,,,
BOD062,ChIJO08Er6htvhQR5H87YsG4EeY,"Gümbet Cove Hotel, Muğla Türkiye",Gümbet,https://www.google.com/maps/search/?api=1&query=G%C3%BCmbet%20Cove%20Hotel%2C%20Mu%C4%9Fla%20T%C3%BCrkiye&query_place_id=ChIJO08Er6htvhQR5H87YsG4EeY,,,,,,,,
BOD167,ChIJ6WwC3sdvvhQRLjhzMj9H8wU,Elista Hotel & Spa,Türkbükü,https://www.google.com/maps/search/?api=1&query=Elista%20Hotel%20%26%20Spa&query_place_id=ChIJ6WwC3sdvvhQRLjhzMj9H8wU,,,,,,,,
BOD034,ChIJm9mMaCptvhQRksrC-9Oi4lg,Çınar Butik Otel Bodrum,Bitez,https://www.google.com/maps/search/?api=1&query=%C3%87%C4%B1nar%20Butik%20Otel%20Bodrum&query_place_id=ChIJm9mMaCptvhQRksrC-9Oi4lg,,,,,,,,
BOD048,ChIJW7-Z9-hvvhQRACntL8CkDZw,Babana Hotel,Göltürkbükü,https://www.google.com/maps/search/?api=1&query=Babana%20Hotel&query_place_id=ChIJW7-Z9-hvvhQRACntL8CkDZw,,,,,,,,
BOD105,ChIJbfTG_XpnvhQR2tmyGkVXGTg,İsolina Hotel,Güvercinlik,https://www.google.com/maps/search/?api=1&query=%C4%B0solina%20Hotel&query_place_id=ChIJbfTG_XpnvhQR2tmyGkVXGTg,,,,,,,,
BOD073,ChIJKxy7qO50vhQRtPjXO1brYXM,Arriba Apartment & Restaurant & Bungalows,Gümüşlük,https://www.google.com/maps/search/?api=1&query=Arriba%20Apartment%20%26%20Restaurant%20%26%20Bungalows&query_place_id=ChIJKxy7qO50vhQRtPjXO1brYXM,,,,,,,,
BOD022,ChIJZypVXF1tvhQRAEStQO6WGK0,Dolce Vita Luxury Bungalows,Bitez,https://www.google.com/maps/search/?api=1&query=Dolce%20Vita%20Luxury%20Bungalows&query_place_id=ChIJZypVXF1tvhQRAEStQO6WGK0,,,,,,,,
BOD053,ChIJaSEKq-lvvhQRZeKHVS45qRI,Gölköy Suites,Göltürkbükü,https://www.google.com/maps/search/?api=1&query=G%C3%B6lk%C3%B6y%20Suites&query_place_id=ChIJaSEKq-lvvhQRZeKHVS45qRI,Gölköy Suites,"Yalı Mah. Akdeniz Cad, 33. Sk. No:5 D:7, 48483 Bodrum/Muğla",FOUND_EXACT_PLACE_ID,1.0,True,False,2026-08-25T15:50:06+00:00,place_id-bound master URL and visible hotel name checked; public anonymous reviews tab not available
BOD005,ChIJdTwebV4MvhQRVC_Shj1Cjqo,ByAkkan,Akyarlar,https://www.google.com/maps/search/?api=1&query=ByAkkan&query_place_id=ChIJdTwebV4MvhQRVC_Shj1Cjqo,,,,,,,,
BOD018,ChIJh_qp0nVtvhQRhxWt88Qo9gI,Bitez Deniz Hotel - Restaurant - Beach,Bitez,https://www.google.com/maps/search/?api=1&query=Bitez%20Deniz%20Hotel%20-%20Restaurant%20-%20Beach&query_place_id=ChIJh_qp0nVtvhQRhxWt88Qo9gI,,,,,,,,
BOD171,ChIJIwHTow1xvhQR_K-gB02mPoA,4 reasons Hotel Yalikavak,Yalıkavak,https://www.google.com/maps/search/?api=1&query=4%20reasons%20Hotel%20Yalikavak&query_place_id=ChIJIwHTow1xvhQR_K-gB02mPoA,,,,,,,,
BOD133,ChIJMdpJ7MByvhQRuh2JibivsGQ,Yahşi Beach Hotel & Restaurant,Ortakent-Yahşi,https://www.google.com/maps/search/?api=1&query=Yah%C5%9Fi%20Beach%20Hotel%20%26%20Restaurant&query_place_id=ChIJMdpJ7MByvhQRuh2JibivsGQ,,,,,,,,
BOD147,ChIJrYHb3ixpvhQRHqUQ0PU5-rE,Omar Hotel & Suites,Torba,https://www.google.com/maps/search/?api=1&query=Omar%20Hotel%20%26%20Suites&query_place_id=ChIJrYHb3ixpvhQRHqUQ0PU5-rE,,,,,,,,
BOD080,ChIJWaJoi-50vhQRqlVRnuxIHAo,Myndos Oda & kahvalti,Gümüşlük,https://www.google.com/maps/search/?api=1&query=Myndos%20Oda%20%26%20kahvalti&query_place_id=ChIJWaJoi-50vhQRqlVRnuxIHAo,,,,,,,,
BOD099,ChIJS64gV3ZtvhQREG8a3u831xo,Villa Oliva Butik Otel,Gündoğan,https://www.google.com/maps/search/?api=1&query=Villa%20Oliva%20Butik%20Otel&query_place_id=ChIJS64gV3ZtvhQREG8a3u831xo,,,,,,,,
BOD159,ChIJSzSbVYsLvhQR553yqJNUT_M,Bodrum Ada Otel Turgutreis,Turgutreis,https://www.google.com/maps/search/?api=1&query=Bodrum%20Ada%20Otel%20Turgutreis&query_place_id=ChIJSzSbVYsLvhQR553yqJNUT_M,,,,,,,,
BOD096,ChIJFQgr8DhwvhQRtcIc1PsQxRc,Olira Boutique Hotel&SPA,Gündoğan,https://www.google.com/maps/search/?api=1&query=Olira%20Boutique%20Hotel%26SPA&query_place_id=ChIJFQgr8DhwvhQRtcIc1PsQxRc,,,,,,,,
BOD146,ChIJxXwclEFsvhQRZsoz_3ZA90g,Olivia Hotel,Torba,https://www.google.com/maps/search/?api=1&query=Olivia%20Hotel&query_place_id=ChIJxXwclEFsvhQRZsoz_3ZA90g,,,,,,,,
BOD083,ChIJfwHwVD51vhQRqizjxcZItOo,Oza butik hotel,Gümüşlük,https://www.google.com/maps/search/?api=1&query=Oza%20butik%20hotel&query_place_id=ChIJfwHwVD51vhQRqizjxcZItOo,,,,,,,,
BOD054,ChIJ-Zf0urlvvhQRkenPZ4sgzcA,Lavinya Maison,Göltürkbükü,https://www.google.com/maps/search/?api=1&query=Lavinya%20Maison&query_place_id=ChIJ-Zf0urlvvhQRkenPZ4sgzcA,,,,,,,,
BOD001,ChIJAxKJBV4MvhQRxCb482IcG0M,Aksoy Taş Ev,Akyarlar,https://www.google.com/maps/search/?api=1&query=Aksoy%20Ta%C5%9F%20Ev&query_place_id=ChIJAxKJBV4MvhQRxCb482IcG0M,,,,,,,,
BOD165,ChIJRe4nqE9vvhQR_VhhTqDbel4,Caja by Maxx Royal,Türkbükü,https://www.google.com/maps/search/?api=1&query=Caja%20by%20Maxx%20Royal&query_place_id=ChIJRe4nqE9vvhQR_VhhTqDbel4,,,,,,,,
BOD027,ChIJ2zrOs3VtvhQRZpab8gpgPUw,Meis Apart Hotel,Bitez,https://www.google.com/maps/search/?api=1&query=Meis%20Apart%20Hotel&query_place_id=ChIJ2zrOs3VtvhQRZpab8gpgPUw,,,,,,,,
BOD134,ChIJYxRiS85zvhQRMk90w1YF4LY,Yakamoz Otel,Ortakent-Yahşi,https://www.google.com/maps/search/?api=1&query=Yakamoz%20Otel&query_place_id=ChIJYxRiS85zvhQRMk90w1YF4LY,,,,,,,,
BOD055,ChIJG4OGJ6pvvhQRTnQTKIJda9g,Lavinya Otel Göltürkbükü,Göltürkbükü,https://www.google.com/maps/search/?api=1&query=Lavinya%20Otel%20G%C3%B6lt%C3%BCrkb%C3%BCk%C3%BC&query_place_id=ChIJG4OGJ6pvvhQRTnQTKIJda9g,,,,,,,,
BOD121,ChIJGVS04ZxyvhQRVlMtbXfJzLw,Eskiyalı Otel,Ortakent-Yahşi,https://www.google.com/maps/search/?api=1&query=Eskiyal%C4%B1%20Otel&query_place_id=ChIJGVS04ZxyvhQRVlMtbXfJzLw,,,,,,,,
BOD176,ChIJa9SmoSpxvhQRmGcrQAtAIuQ,Blue Point Yalikavak,Yalıkavak,https://www.google.com/maps/search/?api=1&query=Blue%20Point%20Yalikavak&query_place_id=ChIJa9SmoSpxvhQRmGcrQAtAIuQ,,,,,,,,
BOD093,ChIJi_stPEhwvhQRRVgWIfzDHqw,Malta Bodrum Hotel,Gündoğan,https://www.google.com/maps/search/?api=1&query=Malta%20Bodrum%20Hotel&query_place_id=ChIJi_stPEhwvhQRRVgWIfzDHqw,,,,,,,,
BOD122,ChIJNy1y079yvhQRPQrNUvKMuPY,Florida Otel,Ortakent-Yahşi,https://www.google.com/maps/search/?api=1&query=Florida%20Otel&query_place_id=ChIJNy1y079yvhQRPQrNUvKMuPY,,,,,,,,
BOD190,ChIJ3Z4rPURxvhQRecoeZJ3euTg,The Sign Highlight Hotel,Yalıkavak,https://www.google.com/maps/search/?api=1&query=The%20Sign%20Highlight%20Hotel&query_place_id=ChIJ3Z4rPURxvhQRecoeZJ3euTg,,,,,,,,
BOD179,ChIJq5z7LcxxvhQR9JdCxeV2fjk,Lizbonia Otel Yalikavak,Yalıkavak,https://www.google.com/maps/search/?api=1&query=Lizbonia%20Otel%20Yalikavak&query_place_id=ChIJq5z7LcxxvhQR9JdCxeV2fjk,,,,,,,,
BOD144,ChIJtRU69GpsvhQR7rBOR-RtFzg,Mira Suites,Torba,https://www.google.com/maps/search/?api=1&query=Mira%20Suites&query_place_id=ChIJtRU69GpsvhQR7rBOR-RtFzg,,,,,,,,
BOD135,ChIJcf2wnKZzvhQRd-kpYVUDwmU,Yılmaz Hotel | Bodrum Ortakent Otelleri,Ortakent-Yahşi,https://www.google.com/maps/search/?api=1&query=Y%C4%B1lmaz%20Hotel%20%7C%20Bodrum%20Ortakent%20Otelleri&query_place_id=ChIJcf2wnKZzvhQRd-kpYVUDwmU,,,,,,,,
BOD185,ChIJBTztm0hxvhQRpOVHx_pTXWQ,Sezz Hotels Spa Wellness Yalıkavak,Yalıkavak,https://www.google.com/maps/search/?api=1&query=Sezz%20Hotels%20Spa%20Wellness%20Yal%C4%B1kavak&query_place_id=ChIJBTztm0hxvhQRpOVHx_pTXWQ,,,,,,,,
BOD123,ChIJa8cMcJdyvhQRZhPdEzCzXFw,Hotel Marma Beach,Ortakent-Yahşi,https://www.google.com/maps/search/?api=1&query=Hotel%20Marma%20Beach&query_place_id=ChIJa8cMcJdyvhQRZhPdEzCzXFw,,,,,,,,
BOD044,ChIJd_IxssJtvhQRRaGntjJV7oU,Noa Suite Hotel,Bodrum Merkez,https://www.google.com/maps/search/?api=1&query=Noa%20Suite%20Hotel&query_place_id=ChIJd_IxssJtvhQRRaGntjJV7oU,,,,,,,,
BOD118,ChIJKRNjeJZyvhQRaSTxRgOEhLU,Amfora Hotel,Ortakent-Yahşi,https://www.google.com/maps/search/?api=1&query=Amfora%20Hotel&query_place_id=ChIJKRNjeJZyvhQRaSTxRgOEhLU,,,,,,,,
BOD188,ChIJ_2z-SKNtvhQR0aTUt1j8QJk,Tangiers Hotel Yalıkavak,Yalıkavak,https://www.google.com/maps/search/?api=1&query=Tangiers%20Hotel%20Yal%C4%B1kavak&query_place_id=ChIJ_2z-SKNtvhQR0aTUt1j8QJk,,,,,,,,
BOD025,ChIJDTaX83ZtvhQR6ooLNcHmOQQ,Halikarya Hotel & Restaurant Beach,Bitez,https://www.google.com/maps/search/?api=1&query=Halikarya%20Hotel%20%26%20Restaurant%20Beach&query_place_id=ChIJDTaX83ZtvhQR6ooLNcHmOQQ,,,,,,,,
BOD097,ChIJm9ANqvtxvhQR14eZKaXZg0c,OLİVE TREE HOTEL,Gündoğan,https://www.google.com/maps/search/?api=1&query=OL%C4%B0VE%20TREE%20HOTEL&query_place_id=ChIJm9ANqvtxvhQR14eZKaXZg0c,,,,,,,,
BOD137,ChIJP_oTRTNpvhQR0-1XqVIqx1E,Armagan Apart Hotel,Torba,https://www.google.com/maps/search/?api=1&query=Armagan%20Apart%20Hotel&query_place_id=ChIJP_oTRTNpvhQR0-1XqVIqx1E,,,,,,,,
BOD117,ChIJ3UYteZZyvhQRaBDgP2LJcPk,Altınkaya Hotel,Ortakent-Yahşi,https://www.google.com/maps/search/?api=1&query=Alt%C4%B1nkaya%20Hotel&query_place_id=ChIJ3UYteZZyvhQRaBDgP2LJcPk,,,,,,,,
BOD029,ChIJG-s9xMptvhQRGYhqgZLQw2Y,Mumu Bodrum Hotel,Bitez,https://www.google.com/maps/search/?api=1&query=Mumu%20Bodrum%20Hotel&query_place_id=ChIJG-s9xMptvhQRGYhqgZLQw2Y,,,,,,,,
BOD172,ChIJ7eSyBNZxvhQRvHKx3HFCrY8,Ailla Yalıkavak,Yalıkavak,https://www.google.com/maps/search/?api=1&query=Ailla%20Yal%C4%B1kavak&query_place_id=ChIJ7eSyBNZxvhQRvHKx3HFCrY8,,,,,,,,
BOD091,ChIJwbFDVd5xvhQRs2PvMtgliAY,Gündoğan Suites,Gündoğan,https://www.google.com/maps/search/?api=1&query=G%C3%BCndo%C4%9Fan%20Suites&query_place_id=ChIJwbFDVd5xvhQRs2PvMtgliAY,,,,,,,,
BOD119,ChIJ76CxR8ByvhQR7KFrMIsIUpY,"Bodrum Suites Apart Otel, Ortakent - Yahşi",Ortakent-Yahşi,https://www.google.com/maps/search/?api=1&query=Bodrum%20Suites%20Apart%20Otel%2C%20Ortakent%20-%20Yah%C5%9Fi&query_place_id=ChIJ76CxR8ByvhQR7KFrMIsIUpY,,,,,,,,
BOD149,ChIJqy_UNjVpvhQROJdKGbb3cMo,Roota Bodrum,Torba,https://www.google.com/maps/search/?api=1&query=Roota%20Bodrum&query_place_id=ChIJqy_UNjVpvhQROJdKGbb3cMo,,,,,,,,
BOD084,ChIJcYwdoe50vhQRx0iib85SoFE,Paradise Garden Apartments,Gümüşlük,https://www.google.com/maps/search/?api=1&query=Paradise%20Garden%20Apartments&query_place_id=ChIJcYwdoe50vhQRx0iib85SoFE,,,,,,,,
BOD076,ChIJbSnvjO50vhQRkL_tKcHMxUA,Gümüşlük No3,Gümüşlük,https://www.google.com/maps/search/?api=1&query=G%C3%BCm%C3%BC%C5%9Fl%C3%BCk%20No3&query_place_id=ChIJbSnvjO50vhQRkL_tKcHMxUA,,,,,,,,
BOD138,ChIJafxfSwBvvhQRMPAOstUviZY,Bodrum Blue Bay Otel,Torba,https://www.google.com/maps/search/?api=1&query=Bodrum%20Blue%20Bay%20Otel&query_place_id=ChIJafxfSwBvvhQRMPAOstUviZY,,,,,,,,
BOD015,ChIJqVtGlmYNvhQRC9vnGKPC0EQ,The Ni Villas Akyarlar,Akyarlar,https://www.google.com/maps/search/?api=1&query=The%20Ni%20Villas%20Akyarlar&query_place_id=ChIJqVtGlmYNvhQRC9vnGKPC0EQ,,,,,,,,
BOD182,ChIJIUX1vRlxvhQRqp5AVPOE3LI,Root Redrock Villas Yalıkavak - Bodrum,Yalıkavak,https://www.google.com/maps/search/?api=1&query=Root%20Redrock%20Villas%20Yal%C4%B1kavak%20-%20Bodrum&query_place_id=ChIJIUX1vRlxvhQRqp5AVPOE3LI,,,,,,,,
BOD085,ChIJ6f_vtgR1vhQRpfYoCzo-IhQ,Paradise Gümüşlük,Gümüşlük,https://www.google.com/maps/search/?api=1&query=Paradise%20G%C3%BCm%C3%BC%C5%9Fl%C3%BCk&query_place_id=ChIJ6f_vtgR1vhQRpfYoCzo-IhQ,,,,,,,,
BOD074,ChIJ6zcjZiV1vhQRyyjNHZwIoI4,Begonvil Gümüşlük,Gümüşlük,https://www.google.com/maps/search/?api=1&query=Begonvil%20G%C3%BCm%C3%BC%C5%9Fl%C3%BCk&query_place_id=ChIJ6zcjZiV1vhQRyyjNHZwIoI4,,,,,,,,
BOD094,ChIJb_hjctpxvhQRJilpHE8j3DY,Marje Villas,Gündoğan,https://www.google.com/maps/search/?api=1&query=Marje%20Villas&query_place_id=ChIJb_hjctpxvhQRJilpHE8j3DY,Marje Villas,"Gündoğan, Koytürk Sk. No:17A, 48965 Bodrum/Muğla",FOUND_EXACT_PLACE_ID,1.0,True,False,2026-08-25T15:50:10+00:00,place_id-bound master URL and visible hotel name checked; public anonymous reviews tab not available
