hotel_id,master_hotel_name,area,detected_sikayetvar_hotel_name,mapping_status,confidence,source_url,page_accessible,visible_complaint_count,complaint_count,unique_complaint_count,matched_complaint_count,review_required_complaint_count,detail_nonempty_count,company_response_count,match_method,match_reason,manual_review_required,checked_at
BOD001,Aksoy Taş Ev,Akyarlar,,NOT_FOUND,0.0,,False,,0,0,0,0,0,0,no_candidate,No slug guess or alias resolved to a real page,False,2026-08-25T12:25:19.697985+00:00
BOD002,Armonia Holiday Village & Spa,Akyarlar,Armonia Holiday Village,REVIEW_REQUIRED,0.644,https://www.sikayetvar.com/armonia-holiday-village,True,9.0,0,0,0,0,0,0,search_fallback,score=0.644 name_sim=0.92 bodrum=False area=False method=search_fallback,True,2026-08-25T12:25:33.363507+00:00
BOD003,ASPAT HOTEL BODRUM Beach Restaurant,Akyarlar,,NOT_FOUND,0.0,,False,,0,0,0,0,0,0,no_candidate,No slug guess or alias resolved to a real page,False,2026-08-25T12:25:42.897069+00:00
BOD004,Bendis Beach Hotel,Akyarlar,Bendis Beach Hotel,FOUND_EXACT,0.7,https://www.sikayetvar.com/bendis-beach-hotel,True,12.0,12,12,12,0,12,5,slug_guess,score=0.7 name_sim=1.0 bodrum=False area=False method=slug_guess,False,2026-08-25T12:25:52.308236+00:00
BOD005,ByAkkan,Akyarlar,,NOT_FOUND,0.0,,False,,0,0,0,0,0,0,no_candidate,No slug guess or alias resolved to a real page,False,2026-08-25T12:26:03.803751+00:00
BOD006,Club Marma Hotel,Akyarlar,Club Marma Hotel Bodrum,FOUND_EXACT,0.85,https://www.sikayetvar.com/club-marma-hotel-bodrum,True,5.0,5,5,5,0,5,0,slug_guess,score=0.85 name_sim=1.0 bodrum=True area=False method=slug_guess,False,2026-08-25T12:26:14.015496+00:00
BOD007,Kefaluka Resort,Akyarlar,Kefaluka Resort,FOUND_EXACT,0.7,https://www.sikayetvar.com/kefaluka-resort,True,22.0,29,29,29,0,27,22,slug_guess,score=0.7 name_sim=1.0 bodrum=False area=False method=slug_guess,False,2026-08-25T12:26:22.542761+00:00
BOD008,LA BREZZA SUITE &HOTEL,Akyarlar,,NOT_FOUND,0.0,,False,,0,0,0,0,0,0,no_candidate,No slug guess or alias resolved to a real page,False,2026-08-25T12:26:40.468381+00:00
BOD009,LİV OTEL,Akyarlar,Liv Otel (Bodrum),PAGE_FOUND_NO_COMPLAINT,0.85,https://www.sikayetvar.com/liv-otel-bodrum,True,0.0,0,0,0,0,0,0,slug_guess,score=0.85 name_sim=1.0 bodrum=True area=False method=slug_guess,True,2026-08-25T12:26:49.183489+00:00
BOD010,Mare Garden Hotel,Akyarlar,Mare Garden Hotel,FOUND_EXACT,0.7,https://www.sikayetvar.com/mare-garden-hotel,True,1.0,1,1,1,0,1,0,slug_guess,score=0.7 name_sim=1.0 bodrum=False area=False method=slug_guess,False,2026-08-25T12:26:57.227245+00:00
BOD011,"Radisson Collection Hotel, Bodrum",Akyarlar,,NOT_FOUND,0.0,,False,,0,0,0,0,0,0,no_candidate,No slug guess or alias resolved to a real page,False,2026-08-25T12:27:06.407003+00:00
BOD012,Selectum Collection Bodrum,Akyarlar,Selectum Hotels Selectum Collection Bodrum,REVIEW_REQUIRED,0.6426,https://www.sikayetvar.com/selectum-hotels/selectum-collection-bodrum,True,4.0,4,4,4,0,4,0,manual_alias,score=0.6426 name_sim=0.7037 bodrum=True area=False method=manual_alias,True,2026-08-25T12:27:08.144985+00:00
BOD013,"Sentido Bellazure - Akyarlar, Bodrum / Turkey",Akyarlar,,NOT_FOUND,0.0,,False,,0,0,0,0,0,0,no_candidate,No slug guess or alias resolved to a real page,False,2026-08-25T12:27:13.400476+00:00
BOD014,Suum Bodrum Hotel & Beach,Akyarlar,Kuum Hotel & SPA Bodrum,REVIEW_REQUIRED,0.6633,https://www.sikayetvar.com/kuum-hotel-spa-bodrum,True,1.0,0,0,0,0,0,0,search_fallback,score=0.6633 name_sim=0.7333 bodrum=True area=False method=search_fallback,True,2026-08-25T12:27:26.327108+00:00
BOD015,The Ni Villas Akyarlar,Akyarlar,,NOT_FOUND,0.0,,False,,0,0,0,0,0,0,no_candidate,No slug guess or alias resolved to a real page,False,2026-08-25T12:27:33.505824+00:00
BOD016,Xanadu Island,Akyarlar,Xanadu Island,FOUND_EXACT,0.7,https://www.sikayetvar.com/xanadu-island,True,4.0,4,4,4,0,4,4,slug_guess,score=0.7 name_sim=1.0 bodrum=False area=False method=slug_guess,False,2026-08-25T12:27:39.005541+00:00
BOD017,Ambrosia Otel Beach & Spa,Bitez,,NOT_FOUND,0.0,,False,,0,0,0,0,0,0,no_candidate,No slug guess or alias resolved to a real page,False,2026-08-25T12:27:51.791639+00:00
BOD018,Bitez Deniz Hotel - Restaurant - Beach,Bitez,,NOT_FOUND,0.0,,False,,0,0,0,0,0,0,no_candidate,No slug guess or alias resolved to a real page,False,2026-08-25T12:28:00.734962+00:00
BOD019,Bitez Garden Life Hotel&Suites,Bitez,Bitez Garden Life Hotel,REVIEW_REQUIRED,0.7575,https://www.sikayetvar.com/bitez-garden-life-hotel,True,14.0,0,0,0,0,0,0,search_fallback,score=0.7575 name_sim=0.8679 bodrum=False area=True method=search_fallback,True,2026-08-25T12:28:12.126327+00:00
BOD020,Bitez Risa Hotel,Bitez,Risa Hotel,REVIEW_REQUIRED,0.5385,https://www.sikayetvar.com/risa-hotel,True,1.0,0,0,0,0,0,0,search_fallback,score=0.5385 name_sim=0.7692 bodrum=False area=False method=search_fallback,True,2026-08-25T12:28:23.346384+00:00
BOD021,"Caresse, a Luxury Collection Resort & Spa, Bodrum",Bitez,,NOT_FOUND,0.0,,False,,0,0,0,0,0,0,no_candidate,No slug guess or alias resolved to a real page,False,2026-08-25T12:28:34.301423+00:00
BOD022,Dolce Vita Luxury Bungalows,Bitez,Dolce Vita Luxury Bungalows (Bodrum),PAGE_FOUND_NO_COMPLAINT,0.85,https://www.sikayetvar.com/dolce-vita-luxury-bungalows-bodrum,True,0.0,0,0,0,0,0,0,slug_guess,score=0.85 name_sim=1.0 bodrum=True area=False method=slug_guess,True,2026-08-25T12:28:39.824096+00:00
BOD023,Doria Hotel Bodrum,Bitez,Doria Hotel Bodrum,FOUND_EXACT,0.85,https://www.sikayetvar.com/doria-hotel-bodrum,True,1.0,1,1,1,0,1,0,slug_guess,score=0.85 name_sim=1.0 bodrum=True area=False method=slug_guess,False,2026-08-25T12:28:45.321248+00:00
BOD024,HAKAN OTEL,Bitez,Hakan Peugeot,REVIEW_REQUIRED,0.487,https://www.sikayetvar.com/hakan-peugeot,True,4.0,0,0,0,0,0,0,related_slug,score=0.487 name_sim=0.6957 bodrum=False area=False method=related_slug,True,2026-08-25T12:28:54.782190+00:00
BOD025,Halikarya Hotel & Restaurant Beach,Bitez,,NOT_FOUND,0.0,,False,,0,0,0,0,0,0,no_candidate,No slug guess or alias resolved to a real page,False,2026-08-25T12:29:07.404513+00:00
BOD026,Manuela Otel Bitez,Bitez,,NOT_FOUND,0.0,,False,,0,0,0,0,0,0,no_candidate,No slug guess or alias resolved to a real page,False,2026-08-25T12:29:16.514637+00:00
BOD027,Meis Apart Hotel,Bitez,,NOT_FOUND,0.0,,False,,0,0,0,0,0,0,no_candidate,No slug guess or alias resolved to a real page,False,2026-08-25T12:29:27.358232+00:00
BOD028,Mira Beach Resort Bodrum,Bitez,Amilla Beach Resort | Bodrum,REVIEW_REQUIRED,0.7722,https://www.sikayetvar.com/amilla-beach-resort-bodrum,True,3.0,0,0,0,0,0,0,search_fallback,score=0.7722 name_sim=0.8889 bodrum=True area=False method=search_fallback,True,2026-08-25T12:29:36.768959+00:00
BOD029,Mumu Bodrum Hotel,Bitez,,NOT_FOUND,0.0,,False,,0,0,0,0,0,0,no_candidate,No slug guess or alias resolved to a real page,False,2026-08-25T12:29:45.764749+00:00
BOD030,Natur Garden Hotel Bitez Bodrum,Bitez,,NOT_FOUND,0.0,,False,,0,0,0,0,0,0,no_candidate,No slug guess or alias resolved to a real page,False,2026-08-25T12:29:53.089583+00:00
BOD031,Okaliptus Otel,Bitez,Okaliptus Otel,PAGE_FOUND_NO_COMPLAINT,0.7,https://www.sikayetvar.com/okaliptus-otel,True,0.0,0,0,0,0,0,0,slug_guess,score=0.7 name_sim=1.0 bodrum=False area=False method=slug_guess,True,2026-08-25T12:30:00.651139+00:00
BOD032,Paloma Family Club Bitez,Bitez,Paloma Family Club,REVIEW_REQUIRED,0.6,https://www.sikayetvar.com/paloma-family-club,True,1.0,0,0,0,0,0,0,search_fallback,score=0.6 name_sim=0.8571 bodrum=False area=False method=search_fallback,True,2026-08-25T12:30:11.988597+00:00
BOD033,Ramada Resort by Wyndham Bodrum,Bitez,,NOT_FOUND,0.0,,False,,0,0,0,0,0,0,no_candidate,No slug guess or alias resolved to a real page,False,2026-08-25T12:30:21.377557+00:00
BOD034,Çınar Butik Otel Bodrum,Bitez,,NOT_FOUND,0.0,,False,,0,0,0,0,0,0,no_candidate,No slug guess or alias resolved to a real page,False,2026-08-25T12:30:30.331469+00:00
BOD035,Azka Otel - Bardakçı Koyu,Bodrum Merkez,Azka Otel,NOT_FOUND,0.3937,https://www.sikayetvar.com/azka-otel,True,9.0,0,0,0,0,0,0,search_fallback,score=0.3937 name_sim=0.5625 bodrum=False area=False method=search_fallback,True,2026-08-25T12:30:43.792694+00:00
BOD036,Bodrium Hotel & SPA,Bodrum Merkez,Oscar Seaside Hotel & Spa Bodrum,REVIEW_REQUIRED,0.57,https://www.sikayetvar.com/oscar-seaside-hotel-spa-bodrum,True,5.0,0,0,0,0,0,0,search_fallback,score=0.57 name_sim=0.6 bodrum=True area=False method=search_fallback,True,2026-08-25T12:31:01.509766+00:00
BOD037,Bodrum Bay Resort,Bodrum Merkez,Bodrum Bay Resort,PAGE_FOUND_NO_COMPLAINT,0.85,https://www.sikayetvar.com/bodrum-bay-resort,True,0.0,0,0,0,0,0,0,slug_guess,score=0.85 name_sim=1.0 bodrum=True area=False method=slug_guess,True,2026-08-25T12:31:07.267657+00:00
BOD038,Casa Mare Bodrum,Bodrum Merkez,Casa Mare Bodrum,FOUND_EXACT,0.85,https://www.sikayetvar.com/casa-mare-bodrum,True,1.0,1,1,1,0,1,0,slug_guess,score=0.85 name_sim=1.0 bodrum=True area=False method=slug_guess,False,2026-08-25T12:31:11.020818+00:00
BOD039,Casa Nonna Bodrum,Bodrum Merkez,,NOT_FOUND,0.0,,False,,0,0,0,0,0,0,no_candidate,No slug guess or alias resolved to a real page,False,2026-08-25T12:31:18.101371+00:00
BOD040,Diamond of Bodrum Hotel,Bodrum Merkez,Diamond of Bodrum,REVIEW_REQUIRED,0.6885,https://www.sikayetvar.com/diamond-of-bodrum,True,10.0,0,0,0,0,0,0,slug_guess,score=0.6885 name_sim=0.7692 bodrum=True area=False method=slug_guess,True,2026-08-25T12:31:23.689275+00:00
BOD041,La Quinta by Wyndham Bodrum,Bodrum Merkez,La Quinta By Wyndham Bodrum,FOUND_EXACT,0.85,https://www.sikayetvar.com/la-quinta-by-wyndham-bodrum,True,5.0,5,5,5,0,5,0,slug_guess,score=0.85 name_sim=1.0 bodrum=True area=False method=slug_guess,False,2026-08-25T12:31:27.403722+00:00
BOD042,Mandarin Resort Hotel,Bodrum Merkez,Mandarin Resort,REVIEW_REQUIRED,0.5833,https://www.sikayetvar.com/mandarin-resort,True,1.0,0,0,0,0,0,0,search_fallback,score=0.5833 name_sim=0.8333 bodrum=False area=False method=search_fallback,True,2026-08-25T12:31:38.525260+00:00
BOD043,METT Hotel & Beach Resort Bodrum,Bodrum Merkez,,NOT_FOUND,0.0,,False,,0,0,0,0,0,0,no_candidate,No slug guess or alias resolved to a real page,False,2026-08-25T12:31:49.245058+00:00
BOD044,Noa Suite Hotel,Bodrum Merkez,Miracle Resort Hotel,REVIEW_REQUIRED,0.32,https://www.sikayetvar.com/miracle-resort-hotel,True,7.0,0,0,0,0,0,0,search_fallback,score=0.32 name_sim=0.4571 bodrum=False area=False method=search_fallback,True,2026-08-25T12:32:00.288788+00:00
BOD045,Salmakis Resort & Spa,Bodrum Merkez,Salmakis Resort & Spa,FOUND_EXACT,0.7,https://www.sikayetvar.com/salmakis-resort-spa,True,7.0,7,7,7,0,7,0,slug_guess,score=0.7 name_sim=1.0 bodrum=False area=False method=slug_guess,False,2026-08-25T12:32:09.593351+00:00
BOD046,Senses Hotel,Bodrum Merkez,The Sense De Luxe Hotel,REVIEW_REQUIRED,0.44,https://www.sikayetvar.com/the-sense-de-luxe-hotel,True,5.0,0,0,0,0,0,0,search_fallback,score=0.44 name_sim=0.6286 bodrum=False area=False method=search_fallback,True,2026-08-25T12:32:25.064343+00:00
BOD047,The Marmara Bodrum,Bodrum Merkez,,NOT_FOUND,0.0,,False,,0,0,0,0,0,0,no_candidate,No slug guess or alias resolved to a real page,False,2026-08-25T12:32:33.636480+00:00
BOD048,Babana Hotel,Göltürkbükü,Acapulco Resort Hotel,REVIEW_REQUIRED,0.3394,https://www.sikayetvar.com/acapulco-resort-hotel,True,24.0,0,0,0,0,0,0,search_fallback,score=0.3394 name_sim=0.4848 bodrum=False area=False method=search_fallback,True,2026-08-25T12:32:51.373575+00:00
BOD049,Casa Del Mar Bodrum,Göltürkbükü,,NOT_FOUND,0.0,,False,,0,0,0,0,0,0,no_candidate,No slug guess or alias resolved to a real page,False,2026-08-25T12:33:00.343988+00:00
BOD050,Daphnis Hotel Gölköy,Göltürkbükü,,NOT_FOUND,0.0,,False,,0,0,0,0,0,0,no_candidate,No slug guess or alias resolved to a real page,False,2026-08-25T12:33:11.556029+00:00
BOD051,Faros Bodrum Hotel Göltürkbükü,Göltürkbükü,Faros Bodrum Hotel Göltürkbükü,PAGE_FOUND_NO_COMPLAINT,1.0,https://www.sikayetvar.com/faros-bodrum-hotel-golturkbuku,True,0.0,0,0,0,0,0,0,slug_guess,score=1.0 name_sim=1.0 bodrum=True area=True method=slug_guess,True,2026-08-25T12:33:15.244970+00:00
BOD052,Flamm Bodrum,Göltürkbükü,,NOT_FOUND,0.0,,False,,0,0,0,0,0,0,no_candidate,No slug guess or alias resolved to a real page,False,2026-08-25T12:33:22.447982+00:00
BOD053,Gölköy Suites,Göltürkbükü,Gölköy,NOT_FOUND,0.4421,https://www.sikayetvar.com/golkoy,True,0.0,0,0,0,0,0,0,slug_guess,score=0.4421 name_sim=0.6316 bodrum=False area=False method=slug_guess,True,2026-08-25T12:33:30.127573+00:00
BOD054,Lavinya Maison,Göltürkbükü,,NOT_FOUND,0.0,,False,,0,0,0,0,0,0,no_candidate,No slug guess or alias resolved to a real page,False,2026-08-25T12:33:39.425709+00:00
BOD055,Lavinya Otel Göltürkbükü,Göltürkbükü,,NOT_FOUND,0.0,,False,,0,0,0,0,0,0,no_candidate,No slug guess or alias resolved to a real page,False,2026-08-25T12:33:48.720825+00:00
BOD056,"Mandarin Oriental, Bodrum",Göltürkbükü,Mandarin Oriental Bodrum,FOUND_EXACT,0.85,https://www.sikayetvar.com/mandarin-oriental-bodrum,True,2.0,2,2,2,0,2,0,slug_guess,score=0.85 name_sim=1.0 bodrum=True area=False method=slug_guess,False,2026-08-25T12:33:52.326596+00:00
BOD057,Selvi Bodrum,Göltürkbükü,,NOT_FOUND,0.0,,False,,0,0,0,0,0,0,no_candidate,No slug guess or alias resolved to a real page,False,2026-08-25T12:33:59.582588+00:00
BOD058,Bodrum Beach Resort,Gümbet,Bodrum Beach Resort,FOUND_EXACT,0.85,https://www.sikayetvar.com/bodrum-beach-resort,True,3.0,3,3,3,0,2,0,slug_guess,score=0.85 name_sim=1.0 bodrum=True area=False method=slug_guess,False,2026-08-25T12:34:06.989543+00:00
BOD059,Bodrum Hotel Baba,Gümbet,Baia Hotels Bodrum,REVIEW_REQUIRED,0.4833,https://www.sikayetvar.com/baia-hotels-bodrum,True,4.0,0,0,0,0,0,0,search_fallback,score=0.4833 name_sim=0.4762 bodrum=True area=False method=search_fallback,True,2026-08-25T12:34:23.703683+00:00
BOD060,Club Shark Hotel,Gümbet,Club Shark Hotel,FOUND_EXACT,0.7,https://www.sikayetvar.com/club-shark-hotel,True,1.0,1,1,1,0,1,0,slug_guess,score=0.7 name_sim=1.0 bodrum=False area=False method=slug_guess,False,2026-08-25T12:34:31.934807+00:00
BOD061,Gümbet Anıl Beach,Gümbet,Gümbet Anıl Beach,FOUND_EXACT,0.85,https://www.sikayetvar.com/gumbet-anil-beach,True,2.0,2,2,2,0,2,0,slug_guess,score=0.85 name_sim=1.0 bodrum=False area=True method=slug_guess,False,2026-08-25T12:34:37.522349+00:00
BOD062,"Gümbet Cove Hotel, Muğla Türkiye",Gümbet,,NOT_FOUND,0.0,,False,,0,0,0,0,0,0,no_candidate,No slug guess or alias resolved to a real page,False,2026-08-25T12:34:46.449598+00:00
BOD063,Jasmin Beach Hotel,Gümbet,Jasmin Beach Hotels,REVIEW_REQUIRED,0.6811,https://www.sikayetvar.com/jasmin-beach-hotels,True,1.0,0,0,0,0,0,0,search_fallback,score=0.6811 name_sim=0.973 bodrum=False area=False method=search_fallback,True,2026-08-25T12:34:57.499263+00:00
BOD064,Jasmin Elite Residence & Spa,Gümbet,Jasmin Elite Residence,REVIEW_REQUIRED,0.6417,https://www.sikayetvar.com/jasmin-elite-residence,True,0.0,0,0,0,0,0,0,search_fallback,score=0.6417 name_sim=0.9167 bodrum=False area=False method=search_fallback,True,2026-08-25T12:35:10.510353+00:00
BOD065,Mirada Exclusive Bodrum,Gümbet,Mirada Hotels & Resorts,NOT_FOUND,0.4162,https://www.sikayetvar.com/mirada-hotels-resorts,True,13.0,0,0,0,0,0,0,search_fallback,score=0.4162 name_sim=0.5946 bodrum=False area=False method=search_fallback,True,2026-08-25T12:35:18.036552+00:00
BOD066,Royal Asarlik Beach Hotel & Spa,Gümbet,Royal Asarlık Beach,REVIEW_REQUIRED,0.5542,https://www.sikayetvar.com/royal-asarlik-beach,True,16.0,0,0,0,0,0,0,search_fallback,score=0.5542 name_sim=0.7917 bodrum=False area=False method=search_fallback,True,2026-08-25T12:35:33.591462+00:00
BOD067,Sami Beach Hotel,Gümbet,Sami Beach Hotel,FOUND_EXACT,0.7,https://www.sikayetvar.com/sami-beach-hotel,True,6.0,6,6,6,0,6,0,slug_guess,score=0.7 name_sim=1.0 bodrum=False area=False method=slug_guess,False,2026-08-25T12:35:42.842142+00:00
BOD068,Selectum Colours Bodrum,Gümbet,Selectum Hotels Selectum Bodrum,REVIEW_REQUIRED,0.535,https://www.sikayetvar.com/selectum-hotels/selectum-bodrum,True,14.0,14,14,8,6,14,0,manual_alias,score=0.535 name_sim=0.55 bodrum=True area=False method=manual_alias,True,2026-08-25T12:35:46.418201+00:00
BOD069,Siesta Beach Apart,Gümbet,Siesta Beach Apart,FOUND_EXACT,0.7,https://www.sikayetvar.com/siesta-beach-apart,True,1.0,1,1,1,0,1,0,slug_guess,score=0.7 name_sim=1.0 bodrum=False area=False method=slug_guess,False,2026-08-25T12:35:54.057534+00:00
BOD070,The Luvi Hotel,Gümbet,,NOT_FOUND,0.0,,False,,0,0,0,0,0,0,no_candidate,No slug guess or alias resolved to a real page,False,2026-08-25T12:36:04.799875+00:00
BOD071,Tropicana Beach Hotel,Gümbet,Tropicana,NOT_FOUND,0.42,https://www.sikayetvar.com/tropicana,True,3.0,0,0,0,0,0,0,slug_guess,score=0.42 name_sim=0.6 bodrum=False area=False method=slug_guess,True,2026-08-25T12:36:12.229040+00:00
BOD072,VERY CHIC BODRUM,Gümbet,Very Chic Bodrum,FOUND_EXACT,0.85,https://www.sikayetvar.com/very-chic-bodrum,True,3.0,3,3,3,0,3,0,slug_guess,score=0.85 name_sim=1.0 bodrum=True area=False method=slug_guess,False,2026-08-25T12:36:15.790088+00:00
BOD073,Arriba Apartment & Restaurant & Bungalows,Gümüşlük,,NOT_FOUND,0.0,,False,,0,0,0,0,0,0,no_candidate,No slug guess or alias resolved to a real page,False,2026-08-25T12:36:26.527078+00:00
BOD074,Begonvil Gümüşlük,Gümüşlük,,NOT_FOUND,0.0,,False,,0,0,0,0,0,0,no_candidate,No slug guess or alias resolved to a real page,False,2026-08-25T12:36:33.571356+00:00
BOD075,Benjamin Otel,Gümüşlük,Benjamin,REVIEW_REQUIRED,0.5333,https://www.sikayetvar.com/benjamin,True,0.0,0,0,0,0,0,0,slug_guess,score=0.5333 name_sim=0.7619 bodrum=False area=False method=slug_guess,True,2026-08-25T12:36:40.922567+00:00
BOD076,Gümüşlük No3,Gümüşlük,,NOT_FOUND,0.0,,False,,0,0,0,0,0,0,no_candidate,No slug guess or alias resolved to a real page,False,2026-08-25T12:36:47.967129+00:00
BOD077,Ladonia Hotels Zemda,Gümüşlük,Ladonia Hotels Zemda,FOUND_EXACT,0.7,https://www.sikayetvar.com/ladonia-hotels-zemda,True,7.0,7,7,7,0,7,0,slug_guess,score=0.7 name_sim=1.0 bodrum=False area=False method=slug_guess,False,2026-08-25T12:36:53.535151+00:00
BOD078,Liman Hotel Gümüslük (Adult only),Gümüşlük,,NOT_FOUND,0.0,,False,,0,0,0,0,0,0,no_candidate,No slug guess or alias resolved to a real page,False,2026-08-25T12:37:03.050158+00:00
BOD079,Metin's Gümüşlük - Hotel & Restaurant,Gümüşlük,,NOT_FOUND,0.0,,False,,0,0,0,0,0,0,no_candidate,No slug guess or alias resolved to a real page,False,2026-08-25T12:37:13.849692+00:00
BOD080,Myndos Oda & kahvalti,Gümüşlük,,NOT_FOUND,0.0,,False,,0,0,0,0,0,0,no_candidate,No slug guess or alias resolved to a real page,False,2026-08-25T12:37:24.550685+00:00
BOD081,Oda Bodrum Gümüşlük,Gümüşlük,Golden Age Crystal Bodrum,REVIEW_REQUIRED,0.43,https://www.sikayetvar.com/golden-age-crystal-bodrum,True,8.0,0,0,0,0,0,0,search_fallback,score=0.43 name_sim=0.4 bodrum=True area=False method=search_fallback,True,2026-08-25T12:37:30.026821+00:00
BOD082,Otel Gümüşlük,Gümüşlük,Gümüşlük,REVIEW_REQUIRED,0.6833,https://www.sikayetvar.com/gumusluk,True,0.0,0,0,0,0,0,0,slug_guess,score=0.6833 name_sim=0.7619 bodrum=False area=True method=slug_guess,True,2026-08-25T12:37:35.684821+00:00
BOD083,Oza butik hotel,Gümüşlük,Aroma Butik Hotel,REVIEW_REQUIRED,0.6125,https://www.sikayetvar.com/aroma-butik-hotel,True,2.0,0,0,0,0,0,0,search_fallback,score=0.6125 name_sim=0.875 bodrum=False area=False method=search_fallback,True,2026-08-25T12:37:56.046008+00:00
BOD084,Paradise Garden Apartments,Gümüşlük,,NOT_FOUND,0.0,,False,,0,0,0,0,0,0,no_candidate,No slug guess or alias resolved to a real page,False,2026-08-25T12:38:04.966228+00:00
BOD085,Paradise Gümüşlük,Gümüşlük,,NOT_FOUND,0.0,,False,,0,0,0,0,0,0,no_candidate,No slug guess or alias resolved to a real page,False,2026-08-25T12:38:12.114562+00:00
BOD086,Vega Aparts,Gümüşlük,,NOT_FOUND,0.0,,False,,0,0,0,0,0,0,no_candidate,No slug guess or alias resolved to a real page,False,2026-08-25T12:38:21.160824+00:00
BOD087,Wanderheaven Camping & Tiny House Bodrum,Gümüşlük,,NOT_FOUND,0.0,,False,,0,0,0,0,0,0,no_candidate,No slug guess or alias resolved to a real page,False,2026-08-25T12:38:30.854463+00:00
BOD088,Baia Bodrum Hotel,Gündoğan,Baia Bodrum Hotel,AMBIGUOUS,0.85,https://www.sikayetvar.com/baia-bodrum-hotel,True,0.0,0,0,0,0,0,0,slug_guess,score=0.85 name_sim=1.0 bodrum=True area=False method=slug_guess,True,2026-08-25T12:38:38.067966+00:00
BOD089,Cape Bodrum Luxury Hotel & Beach,Gündoğan,,NOT_FOUND,0.0,,False,,0,0,0,0,0,0,no_candidate,No slug guess or alias resolved to a real page,False,2026-08-25T12:38:48.895170+00:00
BOD090,Costa Farilya Special Class Hotel Bodrum,Gündoğan,,NOT_FOUND,0.0,,False,,0,0,0,0,0,0,no_candidate,No slug guess or alias resolved to a real page,False,2026-08-25T12:38:57.823604+00:00
BOD091,Gündoğan Suites,Gündoğan,Gündoğan,REVIEW_REQUIRED,0.637,https://www.sikayetvar.com/gundogan,True,0.0,0,0,0,0,0,0,slug_guess,score=0.637 name_sim=0.6957 bodrum=False area=True method=slug_guess,True,2026-08-25T12:39:03.446491+00:00
BOD092,Liona Hotel,Gündoğan,Lion Hotel,REVIEW_REQUIRED,0.6667,https://www.sikayetvar.com/lion-hotel,True,0.0,0,0,0,0,0,0,search_fallback,score=0.6667 name_sim=0.9524 bodrum=False area=False method=search_fallback,True,2026-08-25T12:39:18.956332+00:00
BOD093,Malta Bodrum Hotel,Gündoğan,Bodrum Park Resort,REVIEW_REQUIRED,0.2773,https://www.sikayetvar.com/bodrum-park-resort,True,22.0,0,0,0,0,0,0,search_fallback,score=0.2773 name_sim=0.1818 bodrum=True area=False method=search_fallback,True,2026-08-25T12:39:28.523250+00:00
BOD094,Marje Villas,Gündoğan,,NOT_FOUND,0.0,,False,,0,0,0,0,0,0,no_candidate,No slug guess or alias resolved to a real page,False,2026-08-25T12:39:38.200255+00:00
BOD095,Mivara Luxury Bodrum,Gündoğan,Mivara Luxury Resort & Spa Bodrum,REVIEW_REQUIRED,0.6419,https://www.sikayetvar.com/mivara-luxury-resort-spa-bodrum,True,0.0,0,0,0,0,0,0,search_fallback,score=0.6419 name_sim=0.7027 bodrum=True area=False method=search_fallback,True,2026-08-25T12:39:46.511218+00:00
BOD096,Olira Boutique Hotel&SPA,Gündoğan,,NOT_FOUND,0.0,,False,,0,0,0,0,0,0,no_candidate,No slug guess or alias resolved to a real page,False,2026-08-25T12:40:00.211047+00:00
BOD097,OLİVE TREE HOTEL,Gündoğan,,NOT_FOUND,0.0,,False,,0,0,0,0,0,0,no_candidate,No slug guess or alias resolved to a real page,False,2026-08-25T12:40:11.245252+00:00
BOD098,Swissôtel Living Bodrum,Gündoğan,,NOT_FOUND,0.0,,False,,0,0,0,0,0,0,no_candidate,No slug guess or alias resolved to a real page,False,2026-08-25T12:40:18.327057+00:00
BOD099,Villa Oliva Butik Otel,Gündoğan,,NOT_FOUND,0.0,,False,,0,0,0,0,0,0,no_candidate,No slug guess or alias resolved to a real page,False,2026-08-25T12:40:29.340945+00:00
BOD100,Villa Rustica Hotel,Gündoğan,,NOT_FOUND,0.0,,False,,0,0,0,0,0,0,no_candidate,No slug guess or alias resolved to a real page,False,2026-08-25T12:40:40.148862+00:00
BOD101,Vita Bella Hotel Resort & Spa,Gündoğan,,NOT_FOUND,0.0,,False,,0,0,0,0,0,0,no_candidate,No slug guess or alias resolved to a real page,False,2026-08-25T12:40:52.820141+00:00
BOD102,Akyalı Butik Hotel,Güvercinlik,,NOT_FOUND,0.0,,False,,0,0,0,0,0,0,no_candidate,No slug guess or alias resolved to a real page,False,2026-08-25T12:41:06.672539+00:00
BOD103,Green Bay Resort & Spa Bodrum,Güvercinlik,Green Bay Resort & Spa,FOUND_EXACT,0.7,https://www.sikayetvar.com/green-bay-resort-spa,True,11.0,11,11,11,0,10,0,related_slug,score=0.7 name_sim=1.0 bodrum=False area=False method=related_slug,False,2026-08-25T12:41:12.019709+00:00
BOD104,Greenport Bodrum,Güvercinlik,Greenport Otel,REVIEW_REQUIRED,0.5478,https://www.sikayetvar.com/greenport-otel,True,4.0,0,0,0,0,0,0,search_fallback,score=0.5478 name_sim=0.7826 bodrum=False area=False method=search_fallback,True,2026-08-25T12:41:21.450247+00:00
BOD105,İsolina Hotel,Güvercinlik,Isolina Hotel,PAGE_FOUND_NO_COMPLAINT,0.7,https://www.sikayetvar.com/isolina-hotel,True,0.0,0,0,0,0,0,0,slug_guess,score=0.7 name_sim=1.0 bodrum=False area=False method=slug_guess,True,2026-08-25T12:41:30.312556+00:00
BOD106,La Blanche Island Bodrum,Güvercinlik,La Blanche Island Bodrum,FOUND_EXACT,0.85,https://www.sikayetvar.com/la-blanche-island-bodrum,True,16.0,19,19,19,0,18,5,manual_alias,score=0.85 name_sim=1.0 bodrum=True area=False method=manual_alias,False,2026-08-25T12:41:32.485503+00:00
BOD107,Le Méridien Bodrum Beach Resort,Güvercinlik,Le Meridien Bodrum Beach Resort,FOUND_EXACT,0.8208,https://www.sikayetvar.com/le-meridien-bodrum-beach-resort,True,4.0,4,4,4,0,4,0,slug_guess,score=0.8208 name_sim=0.9583 bodrum=True area=False method=slug_guess,False,2026-08-25T12:41:38.536760+00:00
BOD108,Lujo Hotel Bodrum,Güvercinlik,Lujo Hotel,REVIEW_REQUIRED,0.7,https://www.sikayetvar.com/lujo-hotel,True,15.0,0,0,0,0,0,0,search_fallback,score=0.7 name_sim=1.0 bodrum=False area=False method=search_fallback,True,2026-08-25T12:41:48.540409+00:00
BOD109,Oscar Seaside Hotel & Spa,Güvercinlik,Oscar Seaside Hotel & Spa Bodrum,FOUND_EXACT,0.85,https://www.sikayetvar.com/oscar-seaside-hotel-spa-bodrum,True,5.0,5,5,0,5,5,4,related_slug,score=0.85 name_sim=1.0 bodrum=True area=False method=related_slug,False,2026-08-25T12:42:00.775432+00:00
BOD110,Titanic Luxury Collection Bodrum,Güvercinlik,Titanic Luxury Collection Bodrum,FOUND_EXACT,0.85,https://www.sikayetvar.com/titanic-luxury-collection-bodrum,True,5.0,5,5,5,0,5,0,slug_guess,score=0.85 name_sim=1.0 bodrum=True area=False method=slug_guess,False,2026-08-25T12:42:04.632529+00:00
BOD111,Zena Hotel Bodrum,Güvercinlik,,NOT_FOUND,0.0,,False,,0,0,0,0,0,0,no_candidate,No slug guess or alias resolved to a real page,False,2026-08-25T12:42:13.768266+00:00
BOD112,Azure By Yelken Hotel,Kadıkalesi,Azure by Yelken Hotel,FOUND_EXACT,0.7,https://www.sikayetvar.com/azure-by-yelken-hotel,True,22.0,26,26,26,0,26,1,slug_guess,score=0.7 name_sim=1.0 bodrum=False area=False method=slug_guess,False,2026-08-25T12:42:21.403512+00:00
BOD113,Kadıkale Resort,Kadıkalesi,Kadıkale Resort,FOUND_EXACT,0.7,https://www.sikayetvar.com/kadikale-resort,True,7.0,7,7,7,0,7,2,slug_guess,score=0.7 name_sim=1.0 bodrum=False area=False method=slug_guess,False,2026-08-25T12:42:29.056660+00:00
BOD114,Sianji Well-Being Resort Thermal & Spa,Kadıkalesi,,NOT_FOUND,0.0,,False,,0,0,0,0,0,0,no_candidate,No slug guess or alias resolved to a real page,False,2026-08-25T12:42:42.055315+00:00
BOD115,Yasmin Bodrum Resort,Kadıkalesi,Yasmin Bodrum Resort,FOUND_EXACT,0.85,https://www.sikayetvar.com/yasmin-bodrum-resort,True,18.0,23,23,23,0,21,0,slug_guess,score=0.85 name_sim=1.0 bodrum=True area=False method=slug_guess,False,2026-08-25T12:42:47.919221+00:00
BOD116,Acropol Of Bodrum Beach Hotel - Restaurant,Ortakent-Yahşi,,NOT_FOUND,0.0,,False,,0,0,0,0,0,0,no_candidate,No slug guess or alias resolved to a real page,False,2026-08-25T12:42:57.072877+00:00
BOD117,Altınkaya Hotel,Ortakent-Yahşi,Altınkaya,REVIEW_REQUIRED,0.525,https://www.sikayetvar.com/altinkaya,True,0.0,0,0,0,0,0,0,slug_guess,score=0.525 name_sim=0.75 bodrum=False area=False method=slug_guess,True,2026-08-25T12:43:06.416764+00:00
BOD118,Amfora Hotel,Ortakent-Yahşi,,NOT_FOUND,0.0,,False,,0,0,0,0,0,0,no_candidate,No slug guess or alias resolved to a real page,False,2026-08-25T12:43:19.420050+00:00
BOD119,"Bodrum Suites Apart Otel, Ortakent - Yahşi",Ortakent-Yahşi,,NOT_FOUND,0.0,,False,,0,0,0,0,0,0,no_candidate,No slug guess or alias resolved to a real page,False,2026-08-25T12:43:28.433052+00:00
BOD120,Celeste Bella Luxury Hotel & Spa,Ortakent-Yahşi,Celeste Bella Luxury Hotel & Spa,FOUND_EXACT,0.7,https://www.sikayetvar.com/celeste-bella-luxury-hotel-spa,True,2.0,2,2,2,0,2,0,slug_guess,score=0.7 name_sim=1.0 bodrum=False area=False method=slug_guess,False,2026-08-25T12:43:37.609184+00:00
BOD121,Eskiyalı Otel,Ortakent-Yahşi,,NOT_FOUND,0.0,,False,,0,0,0,0,0,0,no_candidate,No slug guess or alias resolved to a real page,False,2026-08-25T12:43:48.400402+00:00
BOD122,Florida Otel,Ortakent-Yahşi,,NOT_FOUND,0.0,,False,,0,0,0,0,0,0,no_candidate,No slug guess or alias resolved to a real page,False,2026-08-25T12:43:59.412321+00:00
BOD123,Hotel Marma Beach,Ortakent-Yahşi,Hotel Long Beach Resort,REVIEW_REQUIRED,0.42,https://www.sikayetvar.com/hotel-long-beach-resort,True,22.0,0,0,0,0,0,0,search_fallback,score=0.42 name_sim=0.6 bodrum=False area=False method=search_fallback,True,2026-08-25T12:44:19.357047+00:00
BOD124,Irmak Boutique Hotel,Ortakent-Yahşi,Irmak Boutique Hotel,FOUND_EXACT,0.7,https://www.sikayetvar.com/irmak-boutique-hotel,True,1.0,1,1,1,0,1,0,slug_guess,score=0.7 name_sim=1.0 bodrum=False area=False method=slug_guess,False,2026-08-25T12:44:28.352590+00:00
BOD125,Kefi Beach Bodrum,Ortakent-Yahşi,The Plaza Bodrum,REVIEW_REQUIRED,0.3711,https://www.sikayetvar.com/the-plaza-bodrum,True,8.0,0,0,0,0,0,0,search_fallback,score=0.3711 name_sim=0.3158 bodrum=True area=False method=search_fallback,True,2026-08-25T12:44:38.752321+00:00
BOD126,Khai Hotel Bodrum,Ortakent-Yahşi,Khai Hotel | Bodrum,PAGE_FOUND_NO_COMPLAINT,0.85,https://www.sikayetvar.com/khai-hotel-bodrum,True,0.0,0,0,0,0,0,0,slug_guess,score=0.85 name_sim=1.0 bodrum=True area=False method=slug_guess,True,2026-08-25T12:44:45.826250+00:00
BOD127,Kriss Hotel,Ortakent-Yahşi,,NOT_FOUND,0.0,,False,,0,0,0,0,0,0,no_candidate,No slug guess or alias resolved to a real page,False,2026-08-25T12:44:57.024927+00:00
BOD128,Lugga Boutique Hotel & Beach,Ortakent-Yahşi,,NOT_FOUND,0.0,,False,,0,0,0,0,0,0,no_candidate,No slug guess or alias resolved to a real page,False,2026-08-25T12:45:09.847879+00:00
BOD129,Meggs Bodrum,Ortakent-Yahşi,,NOT_FOUND,0.0,,False,,0,0,0,0,0,0,no_candidate,No slug guess or alias resolved to a real page,False,2026-08-25T12:45:17.360628+00:00
BOD130,Petunya Beach Resort,Ortakent-Yahşi,Petunya Beach Resort,FOUND_EXACT,0.7,https://www.sikayetvar.com/petunya-beach-resort,True,13.0,13,13,13,0,13,0,slug_guess,score=0.7 name_sim=1.0 bodrum=False area=False method=slug_guess,False,2026-08-25T12:45:26.707157+00:00
BOD131,Regia Mare Beach Hotel Bodrum,Ortakent-Yahşi,Regia Mare Beach Hotel Bodrum,PAGE_FOUND_NO_COMPLAINT,0.85,https://www.sikayetvar.com/regia-mare-beach-hotel-bodrum,True,0.0,0,0,0,0,0,0,slug_guess,score=0.85 name_sim=1.0 bodrum=True area=False method=slug_guess,True,2026-08-25T12:45:32.245467+00:00
BOD132,Viras Hotel & Beach,Ortakent-Yahşi,Ephesia Holiday Beach Club,REVIEW_REQUIRED,0.3907,https://www.sikayetvar.com/ephesia-holiday-beach-club,True,24.0,0,0,0,0,0,0,search_fallback,score=0.3907 name_sim=0.5581 bodrum=False area=False method=search_fallback,True,2026-08-25T12:45:46.917552+00:00
BOD133,Yahşi Beach Hotel & Restaurant,Ortakent-Yahşi,,NOT_FOUND,0.0,,False,,0,0,0,0,0,0,no_candidate,No slug guess or alias resolved to a real page,False,2026-08-25T12:45:59.585666+00:00
BOD134,Yakamoz Otel,Ortakent-Yahşi,Yakamoz Tantuni,REVIEW_REQUIRED,0.4667,https://www.sikayetvar.com/yakamoz-tantuni,True,4.0,0,0,0,0,0,0,related_slug,score=0.4667 name_sim=0.6667 bodrum=False area=False method=related_slug,True,2026-08-25T12:46:09.135023+00:00
BOD135,Yılmaz Hotel | Bodrum Ortakent Otelleri,Ortakent-Yahşi,,NOT_FOUND,0.0,,False,,0,0,0,0,0,0,no_candidate,No slug guess or alias resolved to a real page,False,2026-08-25T12:46:18.063391+00:00
BOD136,Zest Exclusive Hotel and Spa,Ortakent-Yahşi,,NOT_FOUND,0.0,,False,,0,0,0,0,0,0,no_candidate,No slug guess or alias resolved to a real page,False,2026-08-25T12:46:28.701032+00:00
BOD137,Armagan Apart Hotel,Torba,,NOT_FOUND,0.0,,False,,0,0,0,0,0,0,no_candidate,No slug guess or alias resolved to a real page,False,2026-08-25T12:46:39.449710+00:00
BOD138,Bodrum Blue Bay Otel,Torba,,NOT_FOUND,0.0,,False,,0,0,0,0,0,0,no_candidate,No slug guess or alias resolved to a real page,False,2026-08-25T12:46:48.272451+00:00
BOD139,Casa Dell'arte Otel,Torba,,NOT_FOUND,0.0,,False,,0,0,0,0,0,0,no_candidate,No slug guess or alias resolved to a real page,False,2026-08-25T12:46:58.888040+00:00
BOD140,DoubleTree by Hilton Bodrum Işıl Club All-Inclusive Resort,Torba,DoubleTree By Hilton,NOT_FOUND,0.3944,https://www.sikayetvar.com/doubletree-by-hilton,True,22.0,0,0,0,0,0,0,search_fallback,score=0.3944 name_sim=0.5634 bodrum=False area=False method=search_fallback,True,2026-08-25T12:47:08.438833+00:00
BOD141,DUJA BODRUM,Torba,Duja Hotels,NOT_FOUND,0.3733,https://www.sikayetvar.com/duja-hotels,True,22.0,0,0,0,0,0,0,search_fallback,score=0.3733 name_sim=0.5333 bodrum=False area=False method=search_fallback,True,2026-08-25T12:47:15.844567+00:00
BOD142,Hotel Torbahan,Torba,Torbahan Hotel,REVIEW_REQUIRED,0.55,https://www.sikayetvar.com/torbahan-hotel,True,1.0,0,0,0,0,0,0,search_fallback,score=0.55 name_sim=0.5714 bodrum=False area=True method=search_fallback,True,2026-08-25T12:47:26.802827+00:00
BOD143,Hotel Zeytinada,Torba,,NOT_FOUND,0.0,,False,,0,0,0,0,0,0,no_candidate,No slug guess or alias resolved to a real page,False,2026-08-25T12:47:37.724192+00:00
BOD144,Mira Suites,Torba,Mira Beach | Bodrum,REVIEW_REQUIRED,0.55,https://www.sikayetvar.com/mira-beach-bodrum,True,7.0,0,0,0,0,0,0,related_slug,score=0.55 name_sim=0.5714 bodrum=True area=False method=related_slug,True,2026-08-25T12:47:46.824451+00:00
BOD145,Moyo Luxury Hotel & Beach,Torba,,NOT_FOUND,0.0,,False,,0,0,0,0,0,0,no_candidate,No slug guess or alias resolved to a real page,False,2026-08-25T12:47:59.365382+00:00
BOD146,Olivia Hotel,Torba,Olivia,REVIEW_REQUIRED,0.4667,https://www.sikayetvar.com/olivia,True,0.0,0,0,0,0,0,0,slug_guess,score=0.4667 name_sim=0.6667 bodrum=False area=False method=slug_guess,True,2026-08-25T12:48:07.088655+00:00
BOD147,Omar Hotel & Suites,Torba,,NOT_FOUND,0.0,,False,,0,0,0,0,0,0,no_candidate,No slug guess or alias resolved to a real page,False,2026-08-25T12:48:19.570351+00:00
BOD149,Roota Bodrum,Torba,Bodrum Feribot İşletmeciliği,REVIEW_REQUIRED,0.3115,https://www.sikayetvar.com/bodrum-feribot-isletmeciligi,True,6.0,0,0,0,0,0,0,search_fallback,score=0.3115 name_sim=0.2308 bodrum=True area=False method=search_fallback,True,2026-08-25T12:48:32.899924+00:00
BOD150,Samara Hotel,Torba,Samara Hotel Bodrum,PAGE_FOUND_NO_COMPLAINT,0.85,https://www.sikayetvar.com/samara-hotel-bodrum,True,0.0,0,0,0,0,0,0,slug_guess,score=0.85 name_sim=1.0 bodrum=True area=False method=slug_guess,True,2026-08-25T12:48:42.130657+00:00
BOD151,Sarpedor Boutique Hotel & SPA,Torba,Sarpedor Boutique Hotel,REVIEW_REQUIRED,0.644,https://www.sikayetvar.com/sarpedor-boutique-hotel,True,2.0,0,0,0,0,0,0,search_fallback,score=0.644 name_sim=0.92 bodrum=False area=False method=search_fallback,True,2026-08-25T12:48:56.832883+00:00
BOD152,"Susona Bodrum, LXR Hotels & Resorts",Torba,,NOT_FOUND,0.0,,False,,0,0,0,0,0,0,no_candidate,No slug guess or alias resolved to a real page,False,2026-08-25T12:49:05.721731+00:00
BOD153,The Oba Hotel,Torba,The Oba Hotel,FOUND_EXACT,0.7,https://www.sikayetvar.com/the-oba-hotel,True,10.0,10,10,10,0,10,0,slug_guess,score=0.7 name_sim=1.0 bodrum=False area=False method=slug_guess,False,2026-08-25T12:49:13.196730+00:00
BOD154,Toka Bodrum Hotel & Beach Club,Torba,Toka Bodrum Hotel & Beach Club,PAGE_FOUND_NO_COMPLAINT,0.85,https://www.sikayetvar.com/toka-bodrum-hotel-beach-club,True,0.0,0,0,0,0,0,0,slug_guess,score=0.85 name_sim=1.0 bodrum=True area=False method=slug_guess,True,2026-08-25T12:49:20.491492+00:00
BOD155,Trend Life | Trendlife Hotels & Beach Club Bodrum Torba,Torba,,NOT_FOUND,0.0,,False,,0,0,0,0,0,0,no_candidate,No slug guess or alias resolved to a real page,False,2026-08-25T12:49:29.479863+00:00
BOD156,Voyage Torba,Torba,Voyage Hotels,NOT_FOUND,0.448,https://www.sikayetvar.com/voyage-hotels,True,10.0,0,0,0,0,0,0,search_fallback,score=0.448 name_sim=0.64 bodrum=False area=False method=search_fallback,True,2026-08-25T12:49:37.324461+00:00
BOD157,Voyage Torba Private,Torba,Voyage Hotels,NOT_FOUND,0.4242,https://www.sikayetvar.com/voyage-hotels,True,10.0,0,0,0,0,0,0,search_fallback,score=0.4242 name_sim=0.6061 bodrum=False area=False method=search_fallback,True,2026-08-25T12:49:44.667352+00:00
BOD158,Arin Resort Bodrum,Turgutreis,Arin Resort Bodrum,FOUND_EXACT,0.85,https://www.sikayetvar.com/arin-resort-bodrum,True,1.0,1,1,1,0,1,0,slug_guess,score=0.85 name_sim=1.0 bodrum=True area=False method=slug_guess,False,2026-08-25T12:49:50.176385+00:00
BOD159,Bodrum Ada Otel Turgutreis,Turgutreis,,NOT_FOUND,0.0,,False,,0,0,0,0,0,0,no_candidate,No slug guess or alias resolved to a real page,False,2026-08-25T12:49:57.547134+00:00
BOD161,MyElla Hotel Resort & Spa,Turgutreis,My Ella Resort & Spa,REVIEW_REQUIRED,0.5805,https://www.sikayetvar.com/my-ella-resort-spa,True,21.0,0,0,0,0,0,0,search_fallback,score=0.5805 name_sim=0.8293 bodrum=False area=False method=search_fallback,True,2026-08-25T12:50:14.495569+00:00
BOD162,Rammos Managed by Dedeman,Turgutreis,Dedeman Hotels,REVIEW_REQUIRED,0.2513,https://www.sikayetvar.com/dedeman-hotels,True,22.0,0,0,0,0,0,0,search_fallback,score=0.2513 name_sim=0.359 bodrum=False area=False method=search_fallback,True,2026-08-25T12:50:24.193900+00:00
BOD163,Sundance Resort,Turgutreis,,NOT_FOUND,0.0,,False,,0,0,0,0,0,0,no_candidate,No slug guess or alias resolved to a real page,False,2026-08-25T12:50:35.495011+00:00
BOD164,Swissôtel Resort Bodrum Sahili,Turgutreis,,NOT_FOUND,0.0,,False,,0,0,0,0,0,0,no_candidate,No slug guess or alias resolved to a real page,False,2026-08-25T12:50:46.023296+00:00
BOD165,Caja by Maxx Royal,Türkbükü,,NOT_FOUND,0.0,,False,,0,0,0,0,0,0,no_candidate,No slug guess or alias resolved to a real page,False,2026-08-25T12:50:54.936729+00:00
BOD166,Divan Bodrum,Türkbükü,Divan Hotels,NOT_FOUND,0.4118,https://www.sikayetvar.com/divan-hotels,True,17.0,0,0,0,0,0,0,related_slug,score=0.4118 name_sim=0.5882 bodrum=False area=False method=related_slug,True,2026-08-25T12:51:00.847191+00:00
BOD167,Elista Hotel & Spa,Türkbükü,,NOT_FOUND,0.0,,False,,0,0,0,0,0,0,no_candidate,No slug guess or alias resolved to a real page,False,2026-08-25T12:51:16.263803+00:00
BOD168,Kuum Hotel & SPA Bodrum,Türkbükü,Kuum Hotel & SPA Bodrum,FOUND_EXACT,0.85,https://www.sikayetvar.com/kuum-hotel-spa-bodrum,True,1.0,1,1,0,1,1,0,slug_guess,score=0.85 name_sim=1.0 bodrum=True area=False method=slug_guess,False,2026-08-25T12:51:23.675036+00:00
BOD169,MACAKIZI BODRUM,Türkbükü,,NOT_FOUND,0.0,,False,,0,0,0,0,0,0,no_candidate,No slug guess or alias resolved to a real page,False,2026-08-25T12:51:30.715788+00:00
BOD170,No:81 Hotel,Türkbükü,,NOT_FOUND,0.0,,False,,0,0,0,0,0,0,no_candidate,No slug guess or alias resolved to a real page,False,2026-08-25T12:51:41.780767+00:00
BOD171,4 reasons Hotel Yalikavak,Yalıkavak,,NOT_FOUND,0.0,,False,,0,0,0,0,0,0,no_candidate,No slug guess or alias resolved to a real page,False,2026-08-25T12:51:50.617715+00:00
BOD172,Ailla Yalıkavak,Yalıkavak,,NOT_FOUND,0.0,,False,,0,0,0,0,0,0,no_candidate,No slug guess or alias resolved to a real page,False,2026-08-25T12:51:57.932497+00:00
BOD173,Allium Bodrum Resort & Spa,Yalıkavak,Allium Bodrum Resort & Spa,PAGE_FOUND_NO_COMPLAINT,0.85,https://www.sikayetvar.com/allium-bodrum-resort-spa,True,0.0,0,0,0,0,0,0,slug_guess,score=0.85 name_sim=1.0 bodrum=True area=False method=slug_guess,True,2026-08-25T12:52:06.681087+00:00
BOD174,Arts Hotel Bodrum Yalıkavak,Yalıkavak,Art Suites Hotel | Yalıkavak,REVIEW_REQUIRED,0.7587,https://www.sikayetvar.com/art-suites-hotel-yalikavak,True,1.0,0,0,0,0,0,0,search_fallback,score=0.7587 name_sim=0.8696 bodrum=False area=True method=search_fallback,True,2026-08-25T12:52:17.369079+00:00
BOD175,Avantgarde Refined Hotel | Yalıkavak,Yalıkavak,,NOT_FOUND,0.0,,False,,0,0,0,0,0,0,no_candidate,No slug guess or alias resolved to a real page,False,2026-08-25T12:52:27.551890+00:00
BOD176,Blue Point Yalikavak,Yalıkavak,,NOT_FOUND,0.0,,False,,0,0,0,0,0,0,no_candidate,No slug guess or alias resolved to a real page,False,2026-08-25T12:52:34.980203+00:00
BOD177,Delta Hotels By Marriott Bodrum,Yalıkavak,Delta Hotels Marriott Bodrum,REVIEW_REQUIRED,0.8033,https://www.sikayetvar.com/delta-hotels-marriott-bodrum,True,13.0,0,0,0,0,0,0,search_fallback,score=0.8033 name_sim=0.9333 bodrum=True area=False method=search_fallback,True,2026-08-25T12:52:43.611998+00:00
BOD178,Highlight Hotel Yalıkavak,Yalıkavak,,NOT_FOUND,0.0,,False,,0,0,0,0,0,0,no_candidate,No slug guess or alias resolved to a real page,False,2026-08-25T12:52:53.601839+00:00
BOD179,Lizbonia Otel Yalikavak,Yalıkavak,,NOT_FOUND,0.0,,False,,0,0,0,0,0,0,no_candidate,No slug guess or alias resolved to a real page,False,2026-08-25T12:53:02.589219+00:00
BOD180,MGallery The Bodrum Hotel Yalıkavak,Yalıkavak,,NOT_FOUND,0.0,,False,,0,0,0,0,0,0,no_candidate,No slug guess or alias resolved to a real page,False,2026-08-25T12:53:09.590890+00:00
BOD181,Palmalife Bodrum Resort & Spa,Yalıkavak,,NOT_FOUND,0.0,,False,,0,0,0,0,0,0,no_candidate,No slug guess or alias resolved to a real page,False,2026-08-25T12:53:20.231924+00:00
BOD182,Root Redrock Villas Yalıkavak - Bodrum,Yalıkavak,,NOT_FOUND,0.0,,False,,0,0,0,0,0,0,no_candidate,No slug guess or alias resolved to a real page,False,2026-08-25T12:53:25.413836+00:00
BOD183,Ruins Luxury Resort,Yalıkavak,,NOT_FOUND,0.0,,False,,0,0,0,0,0,0,no_candidate,No slug guess or alias resolved to a real page,False,2026-08-25T12:53:36.041002+00:00
BOD184,Sea Palm Otel -YALIKAVAK,Yalıkavak,,NOT_FOUND,0.0,,False,,0,0,0,0,0,0,no_candidate,No slug guess or alias resolved to a real page,False,2026-08-25T12:53:45.218708+00:00
BOD185,Sezz Hotels Spa Wellness Yalıkavak,Yalıkavak,,NOT_FOUND,0.0,,False,,0,0,0,0,0,0,no_candidate,No slug guess or alias resolved to a real page,False,2026-08-25T12:53:54.140614+00:00
BOD186,Sirene Luxury Hotel Bodrum,Yalıkavak,,NOT_FOUND,0.0,,False,,0,0,0,0,0,0,no_candidate,No slug guess or alias resolved to a real page,False,2026-08-25T12:54:03.702038+00:00
BOD187,Spektr Boutique Hotel Yalikavak,Yalıkavak,,NOT_FOUND,0.0,,False,,0,0,0,0,0,0,no_candidate,No slug guess or alias resolved to a real page,False,2026-08-25T12:54:12.500899+00:00
BOD188,Tangiers Hotel Yalıkavak,Yalıkavak,,NOT_FOUND,0.0,,False,,0,0,0,0,0,0,no_candidate,No slug guess or alias resolved to a real page,False,2026-08-25T12:54:21.312663+00:00
BOD189,The Bodrum EDITION,Yalıkavak,,NOT_FOUND,0.0,,False,,0,0,0,0,0,0,no_candidate,No slug guess or alias resolved to a real page,False,2026-08-25T12:54:28.282139+00:00
BOD190,The Sign Highlight Hotel,Yalıkavak,,NOT_FOUND,0.0,,False,,0,0,0,0,0,0,no_candidate,No slug guess or alias resolved to a real page,False,2026-08-25T12:54:39.291038+00:00
BOD191,Yalıkavak Marina Hotel by METT Collection,Yalıkavak,,NOT_FOUND,0.0,,False,,0,0,0,0,0,0,no_candidate,No slug guess or alias resolved to a real page,False,2026-08-25T12:54:48.078742+00:00
BOD192,Yalıpark Beach Hotel,Yalıkavak,Yalıpark Beach Hotel,PAGE_FOUND_NO_COMPLAINT,0.7,https://www.sikayetvar.com/yalipark-beach-hotel,True,0.0,0,0,0,0,0,0,slug_guess,score=0.7 name_sim=1.0 bodrum=False area=False method=slug_guess,True,2026-08-25T12:54:55.243733+00:00
BOD160,La Blanche Resort Bodrum,Turgutreis,La Blanche Resort & Spa Bodrum,FOUND_HIGH_CONFIDENCE,0.7763,https://www.sikayetvar.com/la-blanche-resort-spa-bodrum,True,12.0,12,12,12,0,12,0,related_slug,score=0.7763 name_sim=0.8947 bodrum=True area=False method=related_slug,False,2026-08-25T12:55:39.116259+00:00
BOD148,Rixos Premium Bodrum,Torba,Rixos Hotels,NOT_FOUND,0.392,https://www.sikayetvar.com/rixos-hotels,True,23.0,0,0,0,0,0,0,manual_alias,score=0.392 name_sim=0.56 bodrum=False area=False method=manual_alias,True,2026-08-25T12:55:41.769941+00:00
