hotel_id,hotel_name,area,mapping_status,page_accessible,visible_complaint_count,matched_complaint_count,first_complaint_date,last_complaint_date,avg_complaint_word_count,median_complaint_word_count,company_response_count,complaints_with_replies,total_reply_count,view_count_non_null,median_view_count,review_required_complaint_count,company_response_rate_in_corpus,view_count_coverage_pct
BOD001,Aksoy Taş Ev,Akyarlar,NOT_FOUND,False,,0,,,,,0,0,0,0,,0,,
BOD002,Armonia Holiday Village & Spa,Akyarlar,REVIEW_REQUIRED,True,9,0,,,,,0,0,0,0,,0,,
BOD003,ASPAT HOTEL BODRUM Beach Restaurant,Akyarlar,NOT_FOUND,False,,0,,,,,0,0,0,0,,0,,
BOD004,Bendis Beach Hotel,Akyarlar,FOUND_EXACT,True,12,12,2024-07-23 10:26:00,2026-08-11 10:24:00,190.41666666666666,132.0,5,6,9,11,983.0,0,41.666666666666664,91.66666666666667
BOD005,ByAkkan,Akyarlar,NOT_FOUND,False,,0,,,,,0,0,0,0,,0,,
BOD006,Club Marma Hotel,Akyarlar,FOUND_EXACT,True,5,5,2025-05-19 18:37:00,2025-05-23 09:32:00,63.8,75.0,0,0,0,5,849.0,0,0.0,100.0
BOD007,Kefaluka Resort,Akyarlar,FOUND_EXACT,True,22,29,2023-08-28 21:04:00,2026-08-22 11:58:00,170.11111111111111,165.0,22,23,46,28,921.5,0,75.86206896551724,96.55172413793103
BOD008,LA BREZZA SUITE &HOTEL,Akyarlar,NOT_FOUND,False,,0,,,,,0,0,0,0,,0,,
BOD009,LİV OTEL,Akyarlar,PAGE_FOUND_NO_COMPLAINT,True,0,0,,,,,0,0,0,0,,0,,
BOD010,Mare Garden Hotel,Akyarlar,FOUND_EXACT,True,1,1,2024-11-12 19:38:00,2024-11-12 19:38:00,78.0,78.0,0,1,1,1,254.0,0,0.0,100.0
BOD011,"Radisson Collection Hotel, Bodrum",Akyarlar,NOT_FOUND,False,,0,,,,,0,0,0,0,,0,,
BOD012,Selectum Collection Bodrum,Akyarlar,REVIEW_REQUIRED,True,4,4,2025-07-16 08:41:00,2026-07-27 00:01:00,238.25,236.0,0,1,1,4,475.0,0,0.0,100.0
BOD013,"Sentido Bellazure - Akyarlar, Bodrum / Turkey",Akyarlar,NOT_FOUND,False,,0,,,,,0,0,0,0,,0,,
BOD014,Suum Bodrum Hotel & Beach,Akyarlar,REVIEW_REQUIRED,True,1,0,,,,,0,0,0,0,,0,,
BOD015,The Ni Villas Akyarlar,Akyarlar,NOT_FOUND,False,,0,,,,,0,0,0,0,,0,,
BOD016,Xanadu Island,Akyarlar,FOUND_EXACT,True,4,4,2025-09-23 13:52:00,2026-05-26 21:28:00,236.5,237.5,4,4,5,3,41.0,0,100.0,75.0
BOD017,Ambrosia Otel Beach & Spa,Bitez,NOT_FOUND,False,,0,,,,,0,0,0,0,,0,,
BOD018,Bitez Deniz Hotel - Restaurant - Beach,Bitez,NOT_FOUND,False,,0,,,,,0,0,0,0,,0,,
BOD019,Bitez Garden Life Hotel&Suites,Bitez,REVIEW_REQUIRED,True,14,0,,,,,0,0,0,0,,0,,
BOD020,Bitez Risa Hotel,Bitez,REVIEW_REQUIRED,True,1,0,,,,,0,0,0,0,,0,,
BOD021,"Caresse, a Luxury Collection Resort & Spa, Bodrum",Bitez,NOT_FOUND,False,,0,,,,,0,0,0,0,,0,,
BOD022,Dolce Vita Luxury Bungalows,Bitez,PAGE_FOUND_NO_COMPLAINT,True,0,0,,,,,0,0,0,0,,0,,
BOD023,Doria Hotel Bodrum,Bitez,FOUND_EXACT,True,1,1,2025-07-13 16:39:00,2025-07-13 16:39:00,161.0,161.0,0,0,0,1,111.0,0,0.0,100.0
BOD024,HAKAN OTEL,Bitez,REVIEW_REQUIRED,True,4,0,,,,,0,0,0,0,,0,,
BOD025,Halikarya Hotel & Restaurant Beach,Bitez,NOT_FOUND,False,,0,,,,,0,0,0,0,,0,,
BOD026,Manuela Otel Bitez,Bitez,NOT_FOUND,False,,0,,,,,0,0,0,0,,0,,
BOD027,Meis Apart Hotel,Bitez,NOT_FOUND,False,,0,,,,,0,0,0,0,,0,,
BOD028,Mira Beach Resort Bodrum,Bitez,REVIEW_REQUIRED,True,3,0,,,,,0,0,0,0,,0,,
BOD029,Mumu Bodrum Hotel,Bitez,NOT_FOUND,False,,0,,,,,0,0,0,0,,0,,
BOD030,Natur Garden Hotel Bitez Bodrum,Bitez,NOT_FOUND,False,,0,,,,,0,0,0,0,,0,,
BOD031,Okaliptus Otel,Bitez,PAGE_FOUND_NO_COMPLAINT,True,0,0,,,,,0,0,0,0,,0,,
BOD032,Paloma Family Club Bitez,Bitez,REVIEW_REQUIRED,True,1,0,,,,,0,0,0,0,,0,,
BOD033,Ramada Resort by Wyndham Bodrum,Bitez,NOT_FOUND,False,,0,,,,,0,0,0,0,,0,,
BOD034,Çınar Butik Otel Bodrum,Bitez,NOT_FOUND,False,,0,,,,,0,0,0,0,,0,,
BOD035,Azka Otel - Bardakçı Koyu,Bodrum Merkez,NOT_FOUND,True,9,0,,,,,0,0,0,0,,0,,
BOD036,Bodrium Hotel & SPA,Bodrum Merkez,REVIEW_REQUIRED,True,5,0,,,,,0,0,0,0,,0,,
BOD037,Bodrum Bay Resort,Bodrum Merkez,PAGE_FOUND_NO_COMPLAINT,True,0,0,,,,,0,0,0,0,,0,,
BOD038,Casa Mare Bodrum,Bodrum Merkez,FOUND_EXACT,True,1,1,2025-07-23 17:53:00,2025-07-23 17:53:00,68.0,68.0,0,0,0,1,73.0,0,0.0,100.0
BOD039,Casa Nonna Bodrum,Bodrum Merkez,NOT_FOUND,False,,0,,,,,0,0,0,0,,0,,
BOD040,Diamond of Bodrum Hotel,Bodrum Merkez,REVIEW_REQUIRED,True,10,0,,,,,0,0,0,0,,0,,
BOD041,La Quinta by Wyndham Bodrum,Bodrum Merkez,FOUND_EXACT,True,5,5,2024-06-10 10:15:00,2025-09-03 13:11:00,111.2,111.0,0,0,0,5,996.0,0,0.0,100.0
BOD042,Mandarin Resort Hotel,Bodrum Merkez,REVIEW_REQUIRED,True,1,0,,,,,0,0,0,0,,0,,
BOD043,METT Hotel & Beach Resort Bodrum,Bodrum Merkez,NOT_FOUND,False,,0,,,,,0,0,0,0,,0,,
BOD044,Noa Suite Hotel,Bodrum Merkez,REVIEW_REQUIRED,True,7,0,,,,,0,0,0,0,,0,,
BOD045,Salmakis Resort & Spa,Bodrum Merkez,FOUND_EXACT,True,7,7,2024-09-09 14:09:00,2026-08-10 23:14:00,234.28571428571428,194.0,0,1,2,7,84.0,0,0.0,100.0
BOD046,Senses Hotel,Bodrum Merkez,REVIEW_REQUIRED,True,5,0,,,,,0,0,0,0,,0,,
BOD047,The Marmara Bodrum,Bodrum Merkez,NOT_FOUND,False,,0,,,,,0,0,0,0,,0,,
BOD048,Babana Hotel,Göltürkbükü,REVIEW_REQUIRED,True,24,0,,,,,0,0,0,0,,0,,
BOD049,Casa Del Mar Bodrum,Göltürkbükü,NOT_FOUND,False,,0,,,,,0,0,0,0,,0,,
BOD050,Daphnis Hotel Gölköy,Göltürkbükü,NOT_FOUND,False,,0,,,,,0,0,0,0,,0,,
BOD051,Faros Bodrum Hotel Göltürkbükü,Göltürkbükü,PAGE_FOUND_NO_COMPLAINT,True,0,0,,,,,0,0,0,0,,0,,
BOD052,Flamm Bodrum,Göltürkbükü,NOT_FOUND,False,,0,,,,,0,0,0,0,,0,,
BOD053,Gölköy Suites,Göltürkbükü,NOT_FOUND,True,0,0,,,,,0,0,0,0,,0,,
BOD054,Lavinya Maison,Göltürkbükü,NOT_FOUND,False,,0,,,,,0,0,0,0,,0,,
BOD055,Lavinya Otel Göltürkbükü,Göltürkbükü,NOT_FOUND,False,,0,,,,,0,0,0,0,,0,,
BOD056,"Mandarin Oriental, Bodrum",Göltürkbükü,FOUND_EXACT,True,2,2,2025-06-16 00:01:00,2026-06-24 00:27:00,131.5,131.5,0,0,0,2,210.0,0,0.0,100.0
BOD057,Selvi Bodrum,Göltürkbükü,NOT_FOUND,False,,0,,,,,0,0,0,0,,0,,
BOD058,Bodrum Beach Resort,Gümbet,FOUND_EXACT,True,3,3,2024-04-13 19:10:00,2024-04-13 19:10:00,137.0,137.0,0,2,3,1,1264.0,0,0.0,33.333333333333336
BOD059,Bodrum Hotel Baba,Gümbet,REVIEW_REQUIRED,True,4,0,,,,,0,0,0,0,,0,,
BOD060,Club Shark Hotel,Gümbet,FOUND_EXACT,True,1,1,2025-09-16 14:52:00,2025-09-16 14:52:00,67.0,67.0,0,0,0,1,145.0,0,0.0,100.0
BOD061,Gümbet Anıl Beach,Gümbet,FOUND_EXACT,True,2,2,2025-07-20 23:50:00,2025-07-20 23:50:00,208.5,208.5,0,0,0,1,998.0,0,0.0,50.0
BOD062,"Gümbet Cove Hotel, Muğla Türkiye",Gümbet,NOT_FOUND,False,,0,,,,,0,0,0,0,,0,,
BOD063,Jasmin Beach Hotel,Gümbet,REVIEW_REQUIRED,True,1,0,,,,,0,0,0,0,,0,,
BOD064,Jasmin Elite Residence & Spa,Gümbet,REVIEW_REQUIRED,True,0,0,,,,,0,0,0,0,,0,,
BOD065,Mirada Exclusive Bodrum,Gümbet,NOT_FOUND,True,13,0,,,,,0,0,0,0,,0,,
BOD066,Royal Asarlik Beach Hotel & Spa,Gümbet,REVIEW_REQUIRED,True,16,0,,,,,0,0,0,0,,0,,
BOD067,Sami Beach Hotel,Gümbet,FOUND_EXACT,True,6,6,2024-09-05 15:22:00,2026-07-08 16:30:00,162.16666666666666,172.0,0,0,0,6,513.0,0,0.0,100.0
BOD068,Selectum Colours Bodrum,Gümbet,REVIEW_REQUIRED,True,14,8,2024-06-09 12:08:00,2026-08-21 14:54:00,159.375,140.0,0,0,0,8,263.0,6,0.0,100.0
BOD069,Siesta Beach Apart,Gümbet,FOUND_EXACT,True,1,1,2026-06-29 12:44:00,2026-06-29 12:44:00,134.0,134.0,0,1,1,1,43.0,0,0.0,100.0
BOD070,The Luvi Hotel,Gümbet,NOT_FOUND,False,,0,,,,,0,0,0,0,,0,,
BOD071,Tropicana Beach Hotel,Gümbet,NOT_FOUND,True,3,0,,,,,0,0,0,0,,0,,
BOD072,VERY CHIC BODRUM,Gümbet,FOUND_EXACT,True,3,3,2024-08-05 16:29:00,2026-07-17 12:59:00,108.33333333333333,125.0,0,1,1,3,1115.0,0,0.0,100.0
BOD073,Arriba Apartment & Restaurant & Bungalows,Gümüşlük,NOT_FOUND,False,,0,,,,,0,0,0,0,,0,,
BOD074,Begonvil Gümüşlük,Gümüşlük,NOT_FOUND,False,,0,,,,,0,0,0,0,,0,,
BOD075,Benjamin Otel,Gümüşlük,REVIEW_REQUIRED,True,0,0,,,,,0,0,0,0,,0,,
BOD076,Gümüşlük No3,Gümüşlük,NOT_FOUND,False,,0,,,,,0,0,0,0,,0,,
BOD077,Ladonia Hotels Zemda,Gümüşlük,FOUND_EXACT,True,7,7,2026-07-06 14:50:00,2026-08-18 20:55:00,156.42857142857142,137.0,0,2,2,7,31.0,0,0.0,100.0
BOD078,Liman Hotel Gümüslük (Adult only),Gümüşlük,NOT_FOUND,False,,0,,,,,0,0,0,0,,0,,
BOD079,Metin's Gümüşlük - Hotel & Restaurant,Gümüşlük,NOT_FOUND,False,,0,,,,,0,0,0,0,,0,,
BOD080,Myndos Oda & kahvalti,Gümüşlük,NOT_FOUND,False,,0,,,,,0,0,0,0,,0,,
BOD081,Oda Bodrum Gümüşlük,Gümüşlük,REVIEW_REQUIRED,True,8,0,,,,,0,0,0,0,,0,,
BOD082,Otel Gümüşlük,Gümüşlük,REVIEW_REQUIRED,True,0,0,,,,,0,0,0,0,,0,,
BOD083,Oza butik hotel,Gümüşlük,REVIEW_REQUIRED,True,2,0,,,,,0,0,0,0,,0,,
BOD084,Paradise Garden Apartments,Gümüşlük,NOT_FOUND,False,,0,,,,,0,0,0,0,,0,,
BOD085,Paradise Gümüşlük,Gümüşlük,NOT_FOUND,False,,0,,,,,0,0,0,0,,0,,
BOD086,Vega Aparts,Gümüşlük,NOT_FOUND,False,,0,,,,,0,0,0,0,,0,,
BOD087,Wanderheaven Camping & Tiny House Bodrum,Gümüşlük,NOT_FOUND,False,,0,,,,,0,0,0,0,,0,,
BOD088,Baia Bodrum Hotel,Gündoğan,AMBIGUOUS,True,0,0,,,,,0,0,0,0,,0,,
BOD089,Cape Bodrum Luxury Hotel & Beach,Gündoğan,NOT_FOUND,False,,0,,,,,0,0,0,0,,0,,
BOD090,Costa Farilya Special Class Hotel Bodrum,Gündoğan,NOT_FOUND,False,,0,,,,,0,0,0,0,,0,,
BOD091,Gündoğan Suites,Gündoğan,REVIEW_REQUIRED,True,0,0,,,,,0,0,0,0,,0,,
BOD092,Liona Hotel,Gündoğan,REVIEW_REQUIRED,True,0,0,,,,,0,0,0,0,,0,,
BOD093,Malta Bodrum Hotel,Gündoğan,REVIEW_REQUIRED,True,22,0,,,,,0,0,0,0,,0,,
BOD094,Marje Villas,Gündoğan,NOT_FOUND,False,,0,,,,,0,0,0,0,,0,,
BOD095,Mivara Luxury Bodrum,Gündoğan,REVIEW_REQUIRED,True,0,0,,,,,0,0,0,0,,0,,
BOD096,Olira Boutique Hotel&SPA,Gündoğan,NOT_FOUND,False,,0,,,,,0,0,0,0,,0,,
BOD097,OLİVE TREE HOTEL,Gündoğan,NOT_FOUND,False,,0,,,,,0,0,0,0,,0,,
BOD098,Swissôtel Living Bodrum,Gündoğan,NOT_FOUND,False,,0,,,,,0,0,0,0,,0,,
BOD099,Villa Oliva Butik Otel,Gündoğan,NOT_FOUND,False,,0,,,,,0,0,0,0,,0,,
BOD100,Villa Rustica Hotel,Gündoğan,NOT_FOUND,False,,0,,,,,0,0,0,0,,0,,
BOD101,Vita Bella Hotel Resort & Spa,Gündoğan,NOT_FOUND,False,,0,,,,,0,0,0,0,,0,,
BOD102,Akyalı Butik Hotel,Güvercinlik,NOT_FOUND,False,,0,,,,,0,0,0,0,,0,,
BOD103,Green Bay Resort & Spa Bodrum,Güvercinlik,FOUND_EXACT,True,11,11,2024-09-09 00:57:00,2026-08-07 18:50:00,213.2,198.5,0,2,2,11,547.0,0,0.0,100.0
BOD104,Greenport Bodrum,Güvercinlik,REVIEW_REQUIRED,True,4,0,,,,,0,0,0,0,,0,,
BOD105,İsolina Hotel,Güvercinlik,PAGE_FOUND_NO_COMPLAINT,True,0,0,,,,,0,0,0,0,,0,,
BOD106,La Blanche Island Bodrum,Güvercinlik,FOUND_EXACT,True,16,19,2024-06-17 08:33:00,2026-08-05 09:16:00,161.83333333333334,150.0,5,6,9,19,922.0,0,26.31578947368421,100.0
BOD107,Le Méridien Bodrum Beach Resort,Güvercinlik,FOUND_EXACT,True,4,4,2024-06-19 08:51:00,2026-07-17 15:22:00,60.75,59.5,0,0,0,4,322.0,0,0.0,100.0
BOD108,Lujo Hotel Bodrum,Güvercinlik,REVIEW_REQUIRED,True,15,0,,,,,0,0,0,0,,0,,
BOD109,Oscar Seaside Hotel & Spa,Güvercinlik,FOUND_EXACT,True,5,0,,,,,0,0,0,0,,5,,
BOD110,Titanic Luxury Collection Bodrum,Güvercinlik,FOUND_EXACT,True,5,5,2026-04-28 10:10:00,2026-07-05 22:26:00,129.4,125.0,0,1,1,4,14.0,0,0.0,80.0
BOD111,Zena Hotel Bodrum,Güvercinlik,NOT_FOUND,False,,0,,,,,0,0,0,0,,0,,
BOD112,Azure By Yelken Hotel,Kadıkalesi,FOUND_EXACT,True,22,26,2024-06-06 19:39:00,2026-08-24 14:01:00,181.42307692307693,184.5,1,1,3,25,2076.0,0,3.8461538461538463,96.15384615384616
BOD113,Kadıkale Resort,Kadıkalesi,FOUND_EXACT,True,7,7,2024-07-10 11:15:00,2026-06-02 22:45:00,165.28571428571428,175.0,2,4,5,6,409.5,0,28.571428571428573,85.71428571428571
BOD114,Sianji Well-Being Resort Thermal & Spa,Kadıkalesi,NOT_FOUND,False,,0,,,,,0,0,0,0,,0,,
BOD115,Yasmin Bodrum Resort,Kadıkalesi,FOUND_EXACT,True,18,23,2024-06-05 18:09:00,2026-08-23 11:09:00,127.19047619047619,107.0,0,0,0,23,1437.0,0,0.0,100.0
BOD116,Acropol Of Bodrum Beach Hotel - Restaurant,Ortakent-Yahşi,NOT_FOUND,False,,0,,,,,0,0,0,0,,0,,
BOD117,Altınkaya Hotel,Ortakent-Yahşi,REVIEW_REQUIRED,True,0,0,,,,,0,0,0,0,,0,,
BOD118,Amfora Hotel,Ortakent-Yahşi,NOT_FOUND,False,,0,,,,,0,0,0,0,,0,,
BOD119,"Bodrum Suites Apart Otel, Ortakent - Yahşi",Ortakent-Yahşi,NOT_FOUND,False,,0,,,,,0,0,0,0,,0,,
BOD120,Celeste Bella Luxury Hotel & Spa,Ortakent-Yahşi,FOUND_EXACT,True,2,2,2024-06-28 13:29:00,2025-07-05 23:42:00,149.0,149.0,0,1,1,2,309.0,0,0.0,100.0
BOD121,Eskiyalı Otel,Ortakent-Yahşi,NOT_FOUND,False,,0,,,,,0,0,0,0,,0,,
BOD122,Florida Otel,Ortakent-Yahşi,NOT_FOUND,False,,0,,,,,0,0,0,0,,0,,
BOD123,Hotel Marma Beach,Ortakent-Yahşi,REVIEW_REQUIRED,True,22,0,,,,,0,0,0,0,,0,,
BOD124,Irmak Boutique Hotel,Ortakent-Yahşi,FOUND_EXACT,True,1,1,2026-07-27 13:35:00,2026-07-27 13:35:00,227.0,227.0,0,1,1,1,49.0,0,0.0,100.0
BOD125,Kefi Beach Bodrum,Ortakent-Yahşi,REVIEW_REQUIRED,True,8,0,,,,,0,0,0,0,,0,,
BOD126,Khai Hotel Bodrum,Ortakent-Yahşi,PAGE_FOUND_NO_COMPLAINT,True,0,0,,,,,0,0,0,0,,0,,
BOD127,Kriss Hotel,Ortakent-Yahşi,NOT_FOUND,False,,0,,,,,0,0,0,0,,0,,
BOD128,Lugga Boutique Hotel & Beach,Ortakent-Yahşi,NOT_FOUND,False,,0,,,,,0,0,0,0,,0,,
BOD129,Meggs Bodrum,Ortakent-Yahşi,NOT_FOUND,False,,0,,,,,0,0,0,0,,0,,
BOD130,Petunya Beach Resort,Ortakent-Yahşi,FOUND_EXACT,True,13,13,2023-09-10 23:45:00,2026-08-12 09:35:00,153.46153846153845,147.0,0,2,2,11,529.0,0,0.0,84.61538461538461
BOD131,Regia Mare Beach Hotel Bodrum,Ortakent-Yahşi,PAGE_FOUND_NO_COMPLAINT,True,0,0,,,,,0,0,0,0,,0,,
BOD132,Viras Hotel & Beach,Ortakent-Yahşi,REVIEW_REQUIRED,True,24,0,,,,,0,0,0,0,,0,,
BOD133,Yahşi Beach Hotel & Restaurant,Ortakent-Yahşi,NOT_FOUND,False,,0,,,,,0,0,0,0,,0,,
BOD134,Yakamoz Otel,Ortakent-Yahşi,REVIEW_REQUIRED,True,4,0,,,,,0,0,0,0,,0,,
BOD135,Yılmaz Hotel | Bodrum Ortakent Otelleri,Ortakent-Yahşi,NOT_FOUND,False,,0,,,,,0,0,0,0,,0,,
BOD136,Zest Exclusive Hotel and Spa,Ortakent-Yahşi,NOT_FOUND,False,,0,,,,,0,0,0,0,,0,,
BOD137,Armagan Apart Hotel,Torba,NOT_FOUND,False,,0,,,,,0,0,0,0,,0,,
BOD138,Bodrum Blue Bay Otel,Torba,NOT_FOUND,False,,0,,,,,0,0,0,0,,0,,
BOD139,Casa Dell'arte Otel,Torba,NOT_FOUND,False,,0,,,,,0,0,0,0,,0,,
BOD140,DoubleTree by Hilton Bodrum Işıl Club All-Inclusive Resort,Torba,NOT_FOUND,True,22,0,,,,,0,0,0,0,,0,,
BOD141,DUJA BODRUM,Torba,NOT_FOUND,True,22,0,,,,,0,0,0,0,,0,,
BOD142,Hotel Torbahan,Torba,REVIEW_REQUIRED,True,1,0,,,,,0,0,0,0,,0,,
BOD143,Hotel Zeytinada,Torba,NOT_FOUND,False,,0,,,,,0,0,0,0,,0,,
BOD144,Mira Suites,Torba,REVIEW_REQUIRED,True,7,0,,,,,0,0,0,0,,0,,
BOD145,Moyo Luxury Hotel & Beach,Torba,NOT_FOUND,False,,0,,,,,0,0,0,0,,0,,
BOD146,Olivia Hotel,Torba,REVIEW_REQUIRED,True,0,0,,,,,0,0,0,0,,0,,
BOD147,Omar Hotel & Suites,Torba,NOT_FOUND,False,,0,,,,,0,0,0,0,,0,,
BOD148,Rixos Premium Bodrum,Torba,NOT_FOUND,True,23,0,,,,,0,0,0,0,,0,,
BOD149,Roota Bodrum,Torba,REVIEW_REQUIRED,True,6,0,,,,,0,0,0,0,,0,,
BOD150,Samara Hotel,Torba,PAGE_FOUND_NO_COMPLAINT,True,0,0,,,,,0,0,0,0,,0,,
BOD151,Sarpedor Boutique Hotel & SPA,Torba,REVIEW_REQUIRED,True,2,0,,,,,0,0,0,0,,0,,
BOD152,"Susona Bodrum, LXR Hotels & Resorts",Torba,NOT_FOUND,False,,0,,,,,0,0,0,0,,0,,
BOD153,The Oba Hotel,Torba,FOUND_EXACT,True,10,10,2024-06-15 19:54:00,2025-09-14 18:39:00,100.4,72.5,0,1,1,10,3080.5,0,0.0,100.0
BOD154,Toka Bodrum Hotel & Beach Club,Torba,PAGE_FOUND_NO_COMPLAINT,True,0,0,,,,,0,0,0,0,,0,,
BOD155,Trend Life | Trendlife Hotels & Beach Club Bodrum Torba,Torba,NOT_FOUND,False,,0,,,,,0,0,0,0,,0,,
BOD156,Voyage Torba,Torba,NOT_FOUND,True,10,0,,,,,0,0,0,0,,0,,
BOD157,Voyage Torba Private,Torba,NOT_FOUND,True,10,0,,,,,0,0,0,0,,0,,
BOD158,Arin Resort Bodrum,Turgutreis,FOUND_EXACT,True,1,1,2025-06-27 11:39:00,2025-06-27 11:39:00,146.0,146.0,0,0,0,1,878.0,0,0.0,100.0
BOD159,Bodrum Ada Otel Turgutreis,Turgutreis,NOT_FOUND,False,,0,,,,,0,0,0,0,,0,,
BOD160,La Blanche Resort Bodrum,Turgutreis,FOUND_HIGH_CONFIDENCE,True,12,12,2023-10-17 18:40:00,2026-08-22 15:55:00,135.91666666666666,120.5,0,1,1,12,885.0,0,0.0,100.0
BOD161,MyElla Hotel Resort & Spa,Turgutreis,REVIEW_REQUIRED,True,21,0,,,,,0,0,0,0,,0,,
BOD162,Rammos Managed by Dedeman,Turgutreis,REVIEW_REQUIRED,True,22,0,,,,,0,0,0,0,,0,,
BOD163,Sundance Resort,Turgutreis,NOT_FOUND,False,,0,,,,,0,0,0,0,,0,,
BOD164,Swissôtel Resort Bodrum Sahili,Turgutreis,NOT_FOUND,False,,0,,,,,0,0,0,0,,0,,
BOD165,Caja by Maxx Royal,Türkbükü,NOT_FOUND,False,,0,,,,,0,0,0,0,,0,,
BOD166,Divan Bodrum,Türkbükü,NOT_FOUND,True,17,0,,,,,0,0,0,0,,0,,
BOD167,Elista Hotel & Spa,Türkbükü,NOT_FOUND,False,,0,,,,,0,0,0,0,,0,,
BOD168,Kuum Hotel & SPA Bodrum,Türkbükü,FOUND_EXACT,True,1,0,,,,,0,0,0,0,,1,,
BOD169,MACAKIZI BODRUM,Türkbükü,NOT_FOUND,False,,0,,,,,0,0,0,0,,0,,
BOD170,No:81 Hotel,Türkbükü,NOT_FOUND,False,,0,,,,,0,0,0,0,,0,,
BOD171,4 reasons Hotel Yalikavak,Yalıkavak,NOT_FOUND,False,,0,,,,,0,0,0,0,,0,,
BOD172,Ailla Yalıkavak,Yalıkavak,NOT_FOUND,False,,0,,,,,0,0,0,0,,0,,
BOD173,Allium Bodrum Resort & Spa,Yalıkavak,PAGE_FOUND_NO_COMPLAINT,True,0,0,,,,,0,0,0,0,,0,,
BOD174,Arts Hotel Bodrum Yalıkavak,Yalıkavak,REVIEW_REQUIRED,True,1,0,,,,,0,0,0,0,,0,,
BOD175,Avantgarde Refined Hotel | Yalıkavak,Yalıkavak,NOT_FOUND,False,,0,,,,,0,0,0,0,,0,,
BOD176,Blue Point Yalikavak,Yalıkavak,NOT_FOUND,False,,0,,,,,0,0,0,0,,0,,
BOD177,Delta Hotels By Marriott Bodrum,Yalıkavak,REVIEW_REQUIRED,True,13,0,,,,,0,0,0,0,,0,,
BOD178,Highlight Hotel Yalıkavak,Yalıkavak,NOT_FOUND,False,,0,,,,,0,0,0,0,,0,,
BOD179,Lizbonia Otel Yalikavak,Yalıkavak,NOT_FOUND,False,,0,,,,,0,0,0,0,,0,,
BOD180,MGallery The Bodrum Hotel Yalıkavak,Yalıkavak,NOT_FOUND,False,,0,,,,,0,0,0,0,,0,,
BOD181,Palmalife Bodrum Resort & Spa,Yalıkavak,NOT_FOUND,False,,0,,,,,0,0,0,0,,0,,
BOD182,Root Redrock Villas Yalıkavak - Bodrum,Yalıkavak,NOT_FOUND,False,,0,,,,,0,0,0,0,,0,,
BOD183,Ruins Luxury Resort,Yalıkavak,NOT_FOUND,False,,0,,,,,0,0,0,0,,0,,
BOD184,Sea Palm Otel -YALIKAVAK,Yalıkavak,NOT_FOUND,False,,0,,,,,0,0,0,0,,0,,
BOD185,Sezz Hotels Spa Wellness Yalıkavak,Yalıkavak,NOT_FOUND,False,,0,,,,,0,0,0,0,,0,,
BOD186,Sirene Luxury Hotel Bodrum,Yalıkavak,NOT_FOUND,False,,0,,,,,0,0,0,0,,0,,
BOD187,Spektr Boutique Hotel Yalikavak,Yalıkavak,NOT_FOUND,False,,0,,,,,0,0,0,0,,0,,
BOD188,Tangiers Hotel Yalıkavak,Yalıkavak,NOT_FOUND,False,,0,,,,,0,0,0,0,,0,,
BOD189,The Bodrum EDITION,Yalıkavak,NOT_FOUND,False,,0,,,,,0,0,0,0,,0,,
BOD190,The Sign Highlight Hotel,Yalıkavak,NOT_FOUND,False,,0,,,,,0,0,0,0,,0,,
BOD191,Yalıkavak Marina Hotel by METT Collection,Yalıkavak,NOT_FOUND,False,,0,,,,,0,0,0,0,,0,,
BOD192,Yalıpark Beach Hotel,Yalıkavak,PAGE_FOUND_NO_COMPLAINT,True,0,0,,,,,0,0,0,0,,0,,
